{"initial_reset_timestamp": 1606264796.2856786, "timestamps": [1606264798.8680952, 1606264799.0725121, 1606264799.395631, 1606264799.697937, 1606264799.9926376, 1606264800.1528304, 1606264800.3974488, 1606264802.3679183, 1606264802.6559148, 1606264802.9391663, 1606264803.227298, 1606264803.5145702, 1606264803.797896, 1606264804.081017, 1606264806.7657387, 1606264808.0116153, 1606264809.341725, 1606264810.7324064, 1606264811.9473085, 1606264813.137243, 1606264816.2168372, 1606264817.5752118, 1606264818.6780605, 1606264819.9328737, 1606264821.2871351, 1606264822.5084565, 1606264823.7078924, 1606264826.8510015, 1606264828.2030492, 1606264829.3499424, 1606264830.6462162, 1606264832.0447235, 1606264833.2308269, 1606264834.5082994, 1606264837.655782, 1606264838.9181406, 1606264840.1042686, 1606264841.472311, 1606264842.7604485, 1606264843.959767, 1606264847.0406163, 1606264848.435047, 1606264849.645995, 1606264850.8918018, 1606264852.2554066, 1606264853.4812596, 1606264854.6828687, 1606264857.7559319, 1606264859.1377645, 1606264860.371732, 1606264861.6136653, 1606264862.8909001, 1606264864.027303, 1606264865.2712505, 1606264868.452755, 1606264869.8002036, 1606264871.0283241, 1606264872.3404853, 1606264873.6327913, 1606264874.8006096, 1606264877.8929288, 1606264879.2564824, 1606264880.5172086, 1606264881.7094352, 1606264883.0647385, 1606264884.3263834, 1606264885.4845, 1606264888.5993147, 1606264889.9606535, 1606264891.184085, 1606264892.4370987, 1606264893.8071737, 1606264895.1068563, 1606264896.2779303, 1606264899.3459287, 1606264900.6561294, 1606264901.798685, 1606264903.0480359, 1606264904.3835354, 1606264905.6898434, 1606264908.6243765, 1606264909.9919384, 1606264911.3020277, 1606264912.4846966, 1606264913.854066, 1606264915.212274, 1606264916.6166172, 1606264919.5698483, 1606264920.954186, 1606264922.0998378, 1606264923.347314, 1606264924.719753, 1606264926.0915267, 1606264927.5054264, 1606264930.5136383, 1606264931.8430927, 1606264933.029681, 1606264934.3614423, 1606264935.7081358, 1606264937.0783854, 1606264940.074146, 1606264941.3982856, 1606264942.6928008, 1606264943.9413576, 1606264945.3005369, 1606264946.6756635, 1606264948.043441, 1606264951.4612124, 1606264952.5685291, 1606264953.803016, 1606264955.148455, 1606264956.5106359, 1606264957.850348, 1606264959.203146, 1606264963.109084, 1606264964.3870068, 1606264965.7254367, 1606264967.0604043, 1606264968.399342, 1606264969.7474363, 1606264973.8069553, 1606264975.1038985, 1606264976.4195545, 1606264977.7674494, 1606264979.0909474, 1606264980.3991232, 1606264981.741369, 1606264985.730511, 1606264987.0638576, 1606264988.380599, 1606264989.6919284, 1606264991.0131361, 1606264992.3824148, 1606264993.5981975, 1606264997.3353524, 1606264998.6320424, 1606264999.9712174, 1606265001.3125815, 1606265002.6876996, 1606265003.9052882, 1606265007.7588875, 1606265009.053518, 1606265010.422494, 1606265011.8055055, 1606265013.1648262, 1606265014.4914427, 1606265015.677075, 1606265019.6708148, 1606265021.0164306, 1606265022.4024394, 1606265023.7557106, 1606265024.9935772, 1606265026.1486673, 1606265027.335343, 1606265031.5708663, 1606265032.9449985, 1606265034.2953327, 1606265035.6082923, 1606265036.7644074, 1606265038.0492203, 1606265041.3579783, 1606265042.529095, 1606265043.8567588, 1606265045.1925304, 1606265046.4174626, 1606265047.6417172, 1606265048.8623912, 1606265052.0197666, 1606265053.1969194, 1606265054.4864104, 1606265055.8503478, 1606265057.2188418, 1606265058.3602166, 1606265059.5324562, 1606265062.5503483, 1606265063.7062669, 1606265064.886094, 1606265066.2301402, 1606265067.568082, 1606265068.8434398, 1606265071.8507726, 1606265073.213678, 1606265074.3724864, 1606265075.5324883, 1606265076.834886, 1606265078.237152, 1606265079.5981631, 1606265082.7820783, 1606265084.155255, 1606265085.41856, 1606265086.6766534, 1606265087.8820834, 1606265089.2252629, 1606265090.5677938, 1606265093.3823602, 1606265094.6005018, 1606265095.9391072, 1606265097.0908475, 1606265098.259201, 1606265099.5037606, 1606265102.7218666, 1606265103.9491937, 1606265105.2025766, 1606265106.5767834, 1606265107.616502, 1606265108.7896504, 1606265109.9115145, 1606265112.9425144, 1606265114.1132488, 1606265115.2876263, 1606265116.5292757, 1606265117.8927872, 1606265119.1221452, 1606265120.3183913, 1606265123.359613, 1606265124.7024271, 1606265125.8922334, 1606265127.1711826, 1606265128.5174, 1606265129.7857933, 1606265131.1083133, 1606265134.213163, 1606265135.4996562, 1606265136.6801848, 1606265137.8666394, 1606265139.1571136, 1606265140.4961326, 1606265143.3312201, 1606265144.7090752, 1606265146.071165, 1606265147.008472, 1606265148.1647115, 1606265149.3515263, 1606265150.5350797, 1606265153.477675, 1606265154.6827219, 1606265156.0341778, 1606265157.4027169, 1606265158.7700288, 1606265159.9545057, 1606265161.1681683, 1606265164.1299677, 1606265165.2857308, 1606265166.528683, 1606265167.9074266, 1606265169.281055, 1606265170.6043763, 1606265171.7851481, 1606265174.9604876, 1606265176.0939672, 1606265177.2409155, 1606265178.563967, 1606265179.9286015, 1606265181.2261672, 1606265184.536713, 1606265185.9252365, 1606265187.091626, 1606265188.2388551, 1606265189.4609537, 1606265190.8415625, 1606265192.0601716, 1606265195.0996888, 1606265196.4412386, 1606265197.75277, 1606265198.9391286, 1606265200.1336043, 1606265201.4673483, 1606265202.843959, 1606265205.9584732, 1606265207.235369, 1606265208.6115508, 1606265209.810456, 1606265210.9410667, 1606265212.1739001, 1606265217.318815, 1606265218.6650493, 1606265219.9853394, 1606265221.119996, 1606265222.3262956, 1606265223.6031694, 1606265224.9609654, 1606265229.7364244, 1606265231.0940938, 1606265232.24306, 1606265233.4483535, 1606265234.7487774, 1606265236.1165988, 1606265237.412305, 1606265242.336482, 1606265243.5244231, 1606265244.7214174, 1606265246.0815392, 1606265247.4272478, 1606265248.6708906, 1606265252.6732001, 1606265253.8352919, 1606265255.0367482, 1606265256.3825378, 1606265257.744157, 1606265259.107063, 1606265260.369017, 1606265264.557837, 1606265265.7382815, 1606265267.038264, 1606265268.398447, 1606265269.7621439, 1606265271.1252384, 1606265272.3246343, 1606265276.0593665, 1606265277.3726866, 1606265278.7303095, 1606265280.0815828, 1606265281.465459, 1606265282.8400314, 1606265286.0215337, 1606265287.1925285, 1606265288.4527504, 1606265289.8292208, 1606265291.1927211, 1606265292.5560026, 1606265293.906261, 1606265297.0704346, 1606265298.097945, 1606265299.239476, 1606265300.557987, 1606265301.898403, 1606265303.256451, 1606265304.6194148, 1606265307.7878978, 1606265308.780701, 1606265309.8387134, 1606265310.7423897, 1606265312.0966623, 1606265313.450786],