{"initial_reset_timestamp": 1606185255.4203913, "timestamps": [1606185258.0177035, 1606185258.2155366, 1606185258.525754, 1606185258.8161058, 1606185259.1008937, 1606185259.3821688, 1606185261.2507029, 1606185261.5433605, 1606185261.884866, 1606185262.1615882, 1606185262.4342415, 1606185262.7051835, 1606185262.9732282, 1606185265.488764, 1606185266.7089353, 1606185267.9210525, 1606185269.1578026, 1606185270.3821692, 1606185271.4626942, 1606185271.857614, 1606185274.3802295, 1606185275.597409, 1606185276.6777894, 1606185277.7496753, 1606185278.908149, 1606185280.0205421, 1606185281.1451917, 1606185283.5961158, 1606185284.6088798, 1606185285.6427882, 1606185286.7973716, 1606185287.935474, 1606185289.0776057, 1606185291.8459764, 1606185292.9917586, 1606185293.9732535, 1606185294.949957, 1606185295.862262, 1606185296.9965932, 1606185298.1000679, 1606185300.7242758, 1606185301.830429, 1606185302.9500222, 1606185303.9239924, 1606185304.897162, 1606185305.9048736, 1606185306.9501839, 1606185309.6166167, 1606185310.8227172, 1606185312.0066295, 1606185313.214695, 1606185314.4167502, 1606185315.4117062, 1606185317.9974334, 1606185319.244682, 1606185320.4768958, 1606185321.6527102, 1606185322.853104, 1606185324.0649602, 1606185325.2894955, 1606185327.8767598, 1606185328.9727912, 1606185330.099753, 1606185331.239713, 1606185332.3645782, 1606185333.5248327, 1606185334.6931276, 1606185336.8505986, 1606185337.849057, 1606185338.8427906, 1606185339.222515, 1606185340.2235298, 1606185341.383436, 1606185342.5464396, 1606185343.691548, 1606185346.5380654, 1606185347.6557548, 1606185348.673358, 1606185349.6790152, 1606185350.696171, 1606185351.7119155, 1606185354.5189092, 1606185355.666968, 1606185356.8195207, 1606185357.982029, 1606185359.194835, 1606185360.167105, 1606185361.1409698, 1606185363.839343, 1606185365.0089643, 1606185366.1445894, 1606185367.371702, 1606185368.5458665, 1606185369.7000656, 1606185370.7793825, 1606185373.3296554, 1606185374.4185793, 1606185375.5585096, 1606185376.6835241, 1606185377.8806965, 1606185379.053624, 1606185381.7778711, 1606185382.7493048, 1606185383.8316185, 1606185384.7292101, 1606185385.7631657, 1606185386.7739797, 1606185387.8410916, 1606185390.6831493, 1606185391.8218489, 1606185392.8361745, 1606185393.8111365, 1606185394.847942, 1606185395.897515, 1606185397.0137835, 1606185399.675788, 1606185400.9057252, 1606185402.058511, 1606185403.207911, 1606185404.176627, 1606185405.1726184, 1606185407.695065, 1606185408.7106633, 1606185409.7416625, 1606185410.7322524, 1606185411.7102723, 1606185412.6747148, 1606185413.6524138, 1606185416.1027145, 1606185417.0752053, 1606185418.0466323, 1606185419.0260289, 1606185419.986883, 1606185420.4045634, 1606185421.3749526, 1606185423.855496, 1606185424.8266718, 1606185425.8184679, 1606185426.8089275, 1606185427.7687259, 1606185428.730057, 1606185429.7049184, 1606185432.2692835, 1606185433.2471962, 1606185434.3681417, 1606185435.3855014, 1606185436.367047, 1606185437.350304, 1606185438.3538272, 1606185440.8386347, 1606185441.895777, 1606185442.8791323, 1606185443.858963, 1606185444.8345108, 1606185446.0175135, 1606185448.661663, 1606185449.6481054, 1606185450.6273785, 1606185451.591684, 1606185452.4924212, 1606185453.4893565, 1606185454.4300015, 1606185456.7951024, 1606185457.7089179, 1606185458.6862876, 1606185459.6619234, 1606185460.6286552, 1606185461.58838, 1606185462.5548291, 1606185465.0121884, 1606185465.9723709, 1606185466.9296472, 1606185467.8910472, 1606185469.075147, 1606185470.0881233, 1606185472.543466, 1606185473.521988, 1606185474.5004437, 1606185475.467827, 1606185476.4381282, 1606185477.408934, 1606185478.3798845, 1606185481.4256623, 1606185482.430927, 1606185483.4304323, 1606185484.4080937, 1606185485.3922627, 1606185486.3796608, 1606185487.3576422, 1606185490.6304278, 1606185491.6003513, 1606185492.5678737, 1606185493.5346577, 1606185494.5043907, 1606185495.4673195, 1606185499.1231935, 1606185500.145371, 1606185501.1331244, 1606185502.115499, 1606185503.103949, 1606185504.0877273, 1606185505.0749002, 1606185507.6592891, 1606185508.661843, 1606185509.639645, 1606185510.6516094, 1606185511.712113, 1606185512.74577, 1606185513.7440748, 1606185517.3859878, 1606185518.3735015, 1606185519.387765, 1606185520.4286582, 1606185521.4365833, 1606185522.4565463, 1606185525.551431, 1606185526.5472171, 1606185527.5416372, 1606185528.5318668, 1606185529.5930524, 1606185530.593227, 1606185531.5874693, 1606185534.9156213, 1606185535.83642, 1606185536.7596574, 1606185537.7289677, 1606185538.6567888, 1606185539.5957344, 1606185540.5594711, 1606185544.1166441, 1606185545.1199489, 1606185546.148329, 1606185547.1833537, 1606185548.171929, 1606185549.161473, 1606185552.801273, 1606185553.7747006, 1606185554.716204, 1606185555.668154, 1606185556.6615932, 1606185557.7071495, 1606185558.7051976, 1606185562.3899117, 1606185563.399458, 1606185564.3642488, 1606185565.3336763, 1606185566.290108, 1606185567.2446563, 1606185568.197005, 1606185571.8511431, 1606185572.7965534, 1606185573.7782128, 1606185574.7192674, 1606185575.5850163, 1606185576.4634569, 1606185579.8272104, 1606185580.7051108, 1606185581.5779042, 1606185582.4907935, 1606185583.530768, 1606185584.573011, 1606185585.7283149, 1606185589.249693, 1606185590.2968879, 1606185591.2645812, 1606185592.228784, 1606185593.2044716, 1606185594.1823041, 1606185595.1545203, 1606185598.8867512, 1606185599.8028123, 1606185600.7182653, 1606185601.633389, 1606185602.796049, 1606185603.8581414, 1606185607.738252, 1606185608.6514668, 1606185609.5615454, 1606185610.4749002, 1606185611.3854105, 1606185612.2953858, 1606185613.2108812, 1606185616.825148, 1606185617.7353592, 1606185618.6456761, 1606185619.566549, 1606185620.5353572, 1606185621.5415397, 1606185622.552297, 1606185626.4222567, 1606185627.4038594, 1606185628.3914783, 1606185629.3747516, 1606185630.3613815, 1606185631.3434684, 1606185635.327637, 1606185636.3203263, 1606185637.324117, 1606185638.3346744, 1606185639.4244373, 1606185640.499858, 1606185641.5205142, 1606185645.5386841, 1606185646.584079, 1606185647.6062074, 1606185648.5689304, 1606185649.7211163, 1606185650.812941, 1606185651.798899, 1606185655.7775369, 1606185656.8550165, 1606185657.8674781, 1606185658.924498, 1606185659.9798656, 1606185661.0595927, 1606185665.377014, 1606185666.487029, 1606185667.5532057, 1606185668.5280757, 1606185669.47573, 1606185670.4387903, 1606185671.5256665, 1606185675.1391273, 1606185676.1077938, 1606185677.0825317, 1606185678.0665092, 1606185679.1033947, 1606185680.1299827, 1606185681.0963151, 1606185684.9547465, 1606185686.0052454, 1606185686.996022, 1606185687.9637198, 1606185688.941448, 1606185689.9275832],