{"initial_reset_timestamp": 1605917726.6430178, "timestamps": [1605917726.8280492, 1605917727.0120258, 1605917727.1958644, 1605917727.3669207, 1605917727.5426328, 1605917727.7597444, 1605917727.952193, 1605917728.137317, 1605917728.3127675, 1605917728.4866045, 1605917731.7807295, 1605917731.9558692, 1605917732.1369467, 1605917732.317496, 1605917732.489558, 1605917732.6628733, 1605917732.8353121, 1605917733.016908, 1605917733.1942058, 1605917733.3658893, 1605917736.7679205, 1605917736.9388304, 1605917737.1099477, 1605917737.2832453, 1605917737.454267, 1605917737.626114, 1605917737.8002417, 1605917737.9705672, 1605917738.1448903, 1605917738.317474, 1605917746.5426285, 1605917746.712974, 1605917746.8779876, 1605917747.052647, 1605917747.22939, 1605917747.407847, 1605917747.5869288, 1605917747.7877076, 1605917747.9693232, 1605917748.157159, 1605917755.992977, 1605917756.1955638, 1605917756.3677409, 1605917756.5407848, 1605917756.7190511, 1605917756.898595, 1605917757.0707424, 1605917757.2408302, 1605917757.411655, 1605917757.5801804, 1605917765.5948362, 1605917765.7726483, 1605917765.9474418, 1605917766.128982, 1605917766.3189, 1605917766.5008829, 1605917766.677032, 1605917766.8681233, 1605917767.0611563, 1605917767.2429605, 1605917775.681096, 1605917775.853929, 1605917776.020351, 1605917776.187443, 1605917776.359435, 1605917776.5369544, 1605917776.733044, 1605917776.9164696, 1605917777.138685, 1605917777.3275387, 1605917785.934484, 1605917786.1449852, 1605917786.3661075, 1605917786.5576797, 1605917786.76112, 1605917786.9660017, 1605917787.1785507, 1605917787.3823795, 1605917787.5856435, 1605917787.7791288, 1605917797.2127135, 1605917797.4069865, 1605917797.6029558, 1605917797.785159, 1605917797.9690242, 1605917798.168764, 1605917798.3620994, 1605917798.550615, 1605917798.7290392, 1605917798.9316635, 1605917808.432269, 1605917808.6212127, 1605917808.8202887, 1605917809.0099273, 1605917809.206816, 1605917809.4078195, 1605917809.5925586, 1605917809.79773, 1605917810.0076463, 1605917810.2507696, 1605917820.2017288, 1605917820.3946886, 1605917820.583932, 1605917820.784773, 1605917821.0085862, 1605917821.2063596, 1605917821.3874562, 1605917821.5936465, 1605917821.7849844, 1605917821.9674616, 1605917831.3261569, 1605917831.5170689, 1605917831.7122898, 1605917831.8866358, 1605917832.0806937, 1605917832.264294, 1605917832.4528008, 1605917832.6413198, 1605917832.8350692, 1605917833.0261164, 1605917842.6096344, 1605917842.798173, 1605917843.0067823, 1605917843.2067993, 1605917843.381061, 1605917843.5738966, 1605917843.7714977, 1605917843.9542494, 1605917844.143625, 1605917844.3381257, 1605917853.3845751, 1605917853.5772514, 1605917853.7595181, 1605917853.9362812, 1605917854.1649687, 1605917854.3608158, 1605917854.5588176, 1605917854.7420876, 1605917854.924405, 1605917855.1157904, 1605917864.75273, 1605917864.9152446, 1605917865.0688598, 1605917865.2533915, 1605917865.400819, 1605917865.6102455, 1605917865.751931, 1605917865.9034402, 1605917866.0693872, 1605917866.227548, 1605917866.4236636, 1605917866.5731177, 1605917866.7138264, 1605917866.8542624, 1605917867.0221202, 1605917867.1632266, 1605917867.338897, 1605917876.421383, 1605917876.6008697, 1605917876.7839558, 1605917876.9644716, 1605917877.199878, 1605917877.3802123, 1605917877.5538542, 1605917877.728776, 1605917877.9108386, 1605917878.0926583, 1605917887.5201645, 1605917887.723225, 1605917887.9225876, 1605917888.1311781, 1605917888.3155406, 1605917888.4968615, 1605917888.6901882, 1605917888.8826547, 1605917889.0590792, 1605917889.2312233, 1605917898.3459704, 1605917898.5218046, 1605917898.7116036, 1605917898.902246, 1605917899.0787876, 1605917899.2546232, 1605917899.4334683, 1605917899.608238, 1605917899.7779984, 1605917899.9482007, 1605917909.438222, 1605917909.6325746, 1605917909.810052, 1605917910.0093257, 1605917910.219106, 1605917910.451711, 1605917910.6361597, 1605917910.8095253, 1605917910.9976559, 1605917911.1825144, 1605917920.423129, 1605917920.6011791, 1605917920.780722, 1605917920.9598742, 1605917921.14869, 1605917921.3329215, 1605917921.5136168, 1605917921.6860805, 1605917921.8616183, 1605917922.043793, 1605917931.3683672, 1605917931.5488415, 1605917931.7516904, 1605917931.9471314, 1605917932.1376603, 1605917932.309873, 1605917932.4844303, 1605917932.6633284, 1605917932.8465452, 1605917933.0284908, 1605917942.383608, 1605917942.5654194, 1605917942.747835, 1605917942.937382, 1605917943.1184158, 1605917943.2937784, 1605917943.5125797, 1605917943.687764, 1605917943.8684523, 1605917944.042496, 1605917953.4714322, 1605917953.6714664, 1605917953.8560371, 1605917954.0508442, 1605917954.2288358, 1605917954.4103518, 1605917954.5991998, 1605917954.7946208, 1605917954.9833364, 1605917955.1627147, 1605917964.6278799, 1605917964.8112786, 1605917965.0007844, 1605917965.197133, 1605917965.370156, 1605917965.5433695, 1605917965.7211506, 1605917965.9028342, 1605917966.08477, 1605917966.2598188, 1605917975.5633764, 1605917975.7582164, 1605917975.9435294, 1605917976.1255262, 1605917976.3066535, 1605917976.489267, 1605917976.6687176, 1605917976.8894856, 1605917977.0658205, 1605917977.2463808, 1605917986.5781767, 1605917986.809312, 1605917986.9951336, 1605917987.1662695, 1605917987.332176, 1605917987.5002432, 1605917987.6744733, 1605917987.8485215, 1605917988.0221477, 1605917988.195476, 1605917997.318627, 1605917997.504401, 1605917997.6931522, 1605917997.869504, 1605917998.0412476, 1605917998.210647, 1605917998.3871214, 1605917998.5657535, 1605917998.7447999, 1605917998.9197977, 1605918008.5456398, 1605918008.7226863, 1605918008.9111445, 1605918009.0883603, 1605918009.2678688, 1605918009.4419239, 1605918009.6130023, 1605918009.7852142, 1605918009.9603448, 1605918010.1401622, 1605918019.3602319, 1605918019.5499086, 1605918019.73258, 1605918019.9020004, 1605918020.1150804, 1605918020.2888904, 1605918020.4645374, 1605918020.637673, 1605918020.807171, 1605918020.9768574, 1605918030.7688951, 1605918030.9570663, 1605918031.1290038, 1605918031.2958343, 1605918031.4626768, 1605918031.6378431, 1605918031.8051794, 1605918031.970098, 1605918032.1372797, 1605918032.3065288, 1605918041.7280512, 1605918041.9252937, 1605918042.1065652, 1605918042.2851624, 1605918042.449811, 1605918042.6258383, 1605918042.8100035, 1605918042.988145, 1605918043.1619277, 1605918043.3360243, 1605918043.5171802, 1605918053.363564, 1605918053.5364861, 1605918053.713534, 1605918053.8970428, 1605918054.0784996, 1605918054.2566435, 1605918054.4853976, 1605918054.6634755, 1605918054.8363655, 1605918055.017673, 1605918064.5957692, 1605918064.7695613, 1605918064.9453433, 1605918065.126586, 1605918065.3170643, 1605918065.5004325, 1605918065.6793175, 1605918065.864254, 1605918066.0434544, 1605918066.2203057, 1605918075.9310927, 1605918076.081842, 1605918076.2654057, 1605918076.4351418, 1605918076.5833502, 1605918076.7575595, 1605918076.924639, 1605918077.0779, 1605918077.254062, 1605918077.4153373, 1605918077.5931847, 1605918077.775379, 1605918077.9234598, 1605918078.093934, 1605918087.4701054, 1605918087.6547766, 1605918087.827397, 1605918088.0034008, 1605918088.183776, 1605918088.3586762, 1605918088.585054, 1605918088.7597427, 1605918088.9374905, 1605918089.1241047, 1605918098.8357553, 1605918099.0014074, 1605918099.2158184, 1605918099.385428, 1605918099.5587695, 1605918099.732923, 1605918099.9008024, 1605918100.0703988, 1605918100.2512643, 1605918100.4260182, 1605918109.8225272, 1605918110.0035641, 1605918110.1817756, 1605918110.3596432, 1605918110.5361757, 1605918110.7193232, 1605918110.9044516, 1605918111.0893438, 1605918111.2729938, 1605918111.4585881, 1605918120.8271608, 1605918121.0110776, 1605918121.1941724, 1605918121.3781374, 1605918121.5782611, 1605918121.7755215, 1605918121.9607003, 1605918122.142939, 1605918122.3252966, 1605918122.5098066, 1605918131.8189719, 1605918132.0116127, 1605918132.1920905, 1605918132.3641672, 1605918132.5480108, 1605918132.73887, 1605918132.921953, 1605918133.0946114, 1605918133.267605, 1605918133.4900212, 