{"initial_reset_timestamp": 1605917725.072459, "timestamps": [1605917728.5211117, 1605917728.6763616, 1605917728.9168615, 1605917729.212947, 1605917729.5067358, 1605917729.7828526, 1605917730.056173, 1605917730.3299239, 1605917730.6005518, 1605917730.8742707, 1605917733.509592, 1605917733.7774382, 1605917734.0442715, 1605917734.3100536, 1605917734.5756238, 1605917734.8406587, 1605917735.105486, 1605917735.3695025, 1605917735.636099, 1605917735.930486, 1605917738.8912199, 1605917739.6591506, 1605917740.4366276, 1605917741.242951, 1605917742.0035098, 1605917742.7604249, 1605917743.4884953, 1605917744.1987252, 1605917744.962995, 1605917745.700155, 1605917748.7675393, 1605917749.5412085, 1605917750.2831385, 1605917751.0036266, 1605917751.7287016, 1605917752.4507525, 1605917753.1242363, 1605917753.7892768, 1605917754.4576335, 1605917755.1459038, 1605917758.1125975, 1605917758.769249, 1605917759.462788, 1605917760.1643624, 1605917760.8545969, 1605917761.527383, 1605917762.288364, 1605917763.0558374, 1605917763.8066216, 1605917764.6685927, 1605917767.8692214, 1605917768.6027033, 1605917769.3077614, 1605917770.0944746, 1605917770.8947809, 1605917771.6863308, 1605917772.475968, 1605917773.281713, 1605917774.020881, 1605917774.8231137, 1605917777.9013956, 1605917778.6514397, 1605917779.371773, 1605917780.0882378, 1605917780.779023, 1605917781.622196, 1605917782.451154, 1605917783.265184, 1605917784.1322992, 1605917785.0385997, 1605917788.518904, 1605917789.3094747, 1605917790.1478825, 1605917790.8991578, 1605917791.784518, 1605917792.7100406, 1605917793.6268106, 1605917794.5806582, 1605917795.428989, 1605917796.3355792, 1605917799.6821861, 1605917800.4066489, 1605917801.1668134, 1605917801.852625, 1605917802.8053412, 1605917803.7872443, 1605917804.7537496, 1605917805.7031255, 1605917806.639067, 1605917807.5626945, 1605917811.2167583, 1605917812.1454775, 1605917812.957222, 1605917813.7591903, 1605917814.6848094, 1605917815.5759466, 1605917816.478075, 1605917817.456665, 1605917818.3950646, 1605917819.3427992, 1605917822.8310277, 1605917823.6642082, 1605917824.5224288, 1605917825.3615422, 1605917826.2756128, 1605917827.1825936, 1605917827.9935951, 1605917828.8185005, 1605917829.6253936, 1605917830.4272234, 1605917833.723383, 1605917834.4447556, 1605917835.3203268, 1605917836.2014399, 1605917837.1518083, 1605917838.0677536, 1605917838.910377, 1605917839.8319564, 1605917840.7794383, 1605917841.3375692, 1605917844.6744893, 1605917845.4391854, 1605917846.2226758, 1605917846.9799006, 1605917847.769006, 1605917848.6778836, 1605917849.18148, 1605917849.9903746, 1605917850.8454294, 1605917851.642956, 1605917852.460889, 1605917855.7991197, 1605917856.595465, 1605917857.3622508, 1605917858.1570342, 1605917859.0888302, 1605917860.0267527, 1605917860.9685698, 1605917861.915789, 1605917862.8488626, 1605917863.4332767, 1605917867.428691, 1605917868.2066348, 1605917868.9374518, 1605917869.8136902, 1605917870.6391513, 1605917871.501367, 1605917872.374632, 1605917873.0375793, 1605917873.8358285, 1605917874.6668184, 1605917875.4528894, 1605917878.6455712, 1605917879.3872445, 1605917880.2269156, 1605917881.0816803, 1605917881.950991, 1605917882.7992237, 1605917883.729802, 1605917884.6102717, 1605917885.585872, 1605917886.5045094, 1605917889.782486, 1605917890.5500362, 1605917891.3897066, 1605917892.2360497, 1605917893.0799036, 1605917893.9465988, 1605917894.8032014, 1605917895.6697311, 1605917896.611005, 1605917897.3978426, 1605917900.4966924, 1605917901.2532535, 1605917902.1475646, 1605917903.0078964, 1605917903.882634, 1605917904.7458627, 1605917905.6225731, 1605917906.1300478, 1605917907.0650878, 1605917908.034131, 1605917911.4514313, 1605917912.2381086, 1605917913.0170245, 1605917913.8854082, 1605917914.7389612, 1605917915.6354876, 1605917916.503943, 1605917917.3560712, 1605917918.2115028, 1605917919.0742757, 1605917922.2888145, 1605917923.0451996, 1605917923.8048596, 1605917924.635041, 1605917925.349686, 1605917926.183925, 1605917927.0679986, 1605917927.7568328, 1605917928.6592515, 1605917929.5313272, 1605917930.492108, 1605917933.7088954, 1605917934.532159, 1605917935.4574745, 1605917936.3451748, 1605917937.1946316, 1605917938.066916, 1605917938.9317753, 1605917939.7810209, 1605917940.650694, 1605917941.5255423, 1605917944.655982, 1605917945.4504771, 1605917946.342192, 1605917947.2307088, 1605917948.0994835, 1605917948.9790347, 1605917949.8566072, 1605917950.74206, 1605917951.6260705, 1605917952.5458777, 1605917955.8423257, 1605917956.6707013, 1605917957.6347256, 1605917958.522048, 1605917959.404402, 1605917960.302606, 1605917961.1647816, 1605917962.0138566, 1605917962.8767545, 1605917963.764499, 1605917966.8451915, 1605917967.6228483, 1605917968.4961824, 1605917969.3988557, 1605917970.3081388, 1605917971.183791, 1605917972.0571902, 1605917972.922729, 1605917973.779078, 1605917974.657044, 1605917977.9344993, 1605917978.7586284, 1605917979.7166333, 1605917980.6341035, 1605917981.523933, 1605917982.3652692, 1605917983.1944876, 1605917984.037551, 1605917984.8676953, 1605917985.71136, 1605917988.7831786, 1605917989.2440495, 1605917990.0613298, 1605917990.9577281, 1605917991.8130665, 1605917992.6643298, 1605917993.505911, 1605917994.362207, 1605917995.221581, 1605917996.0873592, 1605917999.2790012, 1605918000.0616567, 1605918000.9875793, 1605918001.9397974, 1605918002.8701787, 1605918003.7840686, 1605918004.7262557, 1605918005.6498923, 1605918006.5140102, 1605918007.3499537, 1605918010.4676144, 1605918011.243739, 1605918012.10678, 1605918012.93909, 1605918013.8152866, 1605918014.7214355, 1605918015.571575, 1605918016.4448218, 1605918017.3073828, 1605918018.1739938, 1605918021.3174763, 1605918022.0701306, 1605918022.9227104, 1605918023.8100433, 1605918024.205291, 1605918024.7218049, 1605918025.6509817, 1605918026.5768666, 1605918027.5332477, 1605918028.4754405, 1605918029.3747652, 1605918032.523269, 1605918033.307973, 1605918034.0282235, 1605918034.8875983, 1605918035.7967691, 1605918036.6517756, 1605918037.5289752, 1605918038.473339, 1605918039.3196044, 1605918040.1183841, 1605918043.5263722, 1605918044.2946942, 1605918045.247388, 1605918046.1353054, 1605918047.0301406, 1605918047.9220889, 1605918048.870517, 1605918049.822663, 1605918050.8004134, 1605918051.7507615, 1605918055.0262508, 1605918055.7808757, 1605918056.6941442, 1605918057.5756571, 1605918058.4803636, 1605918059.3991823, 1605918060.270562, 1605918061.1323724, 1605918062.063144, 1605918062.9665065, 1605918066.2307322, 1605918067.0156772, 1605918067.897152, 1605918068.747889, 1605918069.5990067, 1605918070.4753325, 1605918071.3705692, 1605918072.2687094, 1605918073.23267, 1605918074.1498847, 1605918074.9829972, 1605918078.7540123, 1605918079.5972004, 1605918080.4163947, 1605918081.3185887, 1605918082.1826646, 1605918083.0428984, 1605918083.9186993, 1605918084.7623563, 1605918085.6870358, 1605918086.5328603, 1605918089.7913084, 1605918090.6628916, 1605918091.5303457, 1605918092.3974338, 1605918093.2991347, 1605918094.1710305, 1605918095.0489132, 1605918096.0025213, 1605918096.942879, 1605918097.884444, 1605918101.081715, 1605918101.9481976, 1605918102.8048089, 1605918103.6500216, 1605918104.4830961, 1605918105.3263862, 1605918106.1758857, 1605918107.033907, 1605918107.9003859, 1605918108.823384, 1605918112.1030571, 1605918112.961996, 1605918113.7856655, 1605918114.6250846, 1605918115.5017266, 1605918116.381015, 1605918117.2595565, 1605918118.1111917, 1605918118.9734738, 1605918119.885408, 1605918123.0692854, 1605918123.9226599, 1605918124.803479, 1605918125.681737, 1605918126.562725, 1605918127.425301, 1605918128.3318958, 1605918129.1482494, 1605918130.0052269, 1605918130.860716, 1605918134.0562265, 1605918134.8952234, 1605918135.7707212, 1605918136.6409132, 1605918137.475993, 1605918138.3373427, 1605918139.222537, 1605918140.1078107, 1605918140.952703, 1605918141.83662, 1605918145.01657, 1605918145.858595, 1605918146.7128685, 1605918147.5525796, 1605918148.3759465, 1605918149.1887717, 1605918150.013103, 