{"initial_reset_timestamp": 1606272717.9583411, "timestamps": [1606272718.1343427, 1606272718.3120866, 1606272718.498369, 1606272718.684062, 1606272718.8687782, 1606272719.088291, 1606272719.2643538, 1606272719.4525669, 1606272719.6391628, 1606272719.817236, 1606272723.06186, 1606272723.248001, 1606272723.4361548, 1606272723.6129766, 1606272723.8019195, 1606272723.9902265, 1606272724.1690514, 1606272724.3467104, 1606272724.516172, 1606272724.694563, 1606272728.0665734, 1606272728.239593, 1606272728.4204102, 1606272728.6172, 1606272728.8036795, 1606272728.9862993, 1606272729.1739085, 1606272729.3480675, 1606272729.535061, 1606272729.722488, 1606272740.2245758, 1606272740.3994236, 1606272740.585357, 1606272740.774838, 1606272740.9588375, 1606272741.1469483, 1606272741.3557284, 1606272741.5456977, 1606272741.7342353, 1606272741.9082491, 1606272752.2019103, 1606272752.4201913, 1606272752.5985568, 1606272752.7831404, 1606272752.9697368, 1606272753.146362, 1606272753.332007, 1606272753.5058303, 1606272753.691491, 1606272753.8772986, 1606272764.1582131, 1606272764.339454, 1606272764.5261798, 1606272764.720806, 1606272764.913763, 1606272765.1061683, 1606272765.3035483, 1606272765.4968085, 1606272765.6911058, 1606272765.8818345, 1606272776.0941885, 1606272776.2718797, 1606272776.462313, 1606272776.6568077, 1606272776.8557613, 1606272777.049117, 1606272777.2346594, 1606272777.4305525, 1606272777.6583364, 1606272777.8520098, 1606272788.1410942, 1606272788.3192, 1606272788.5473723, 1606272788.7393873, 1606272788.9328365, 1606272789.125294, 1606272789.3088646, 1606272789.5027206, 1606272789.6985402, 1606272789.8940506, 1606272800.6462548, 1606272800.8363512, 1606272801.1187332, 1606272801.3163638, 1606272801.5019956, 1606272801.6884167, 1606272801.9987524, 1606272802.173795, 1606272802.3598385, 1606272802.5379214, 1606272812.5847838, 1606272812.7655535, 1606272812.946467, 1606272813.1382792, 1606272813.3303416, 1606272813.513988, 1606272813.7035167, 1606272813.8830903, 1606272814.0744162, 1606272814.2966685, 1606272824.5581849, 1606272824.7403834, 1606272824.9209776, 1606272825.1519186, 1606272825.3366742, 1606272825.5297353, 1606272825.7221076, 1606272825.902417, 1606272826.0961516, 1606272826.2788067, 1606272836.7756767, 1606272836.9599936, 1606272837.1509829, 1606272837.3442824, 1606272837.5362315, 1606272837.7299478, 1606272837.9082704, 1606272838.0999858, 1606272838.289049, 1606272838.483169, 1606272848.8714557, 1606272849.055152, 1606272849.2398996, 1606272849.432047, 1606272849.6102467, 1606272849.8031592, 1606272849.9938512, 1606272850.1801782, 1606272850.3711185, 1606272850.5528448, 1606272860.8454976, 1606272861.023236, 1606272861.206044, 1606272861.3929157, 1606272861.566551, 1606272861.7938573, 1606272861.9683495, 1606272862.1546385, 1606272862.3430548, 1606272862.5278451, 1606272872.6248243, 1606272872.8080142, 1606272873.0024812, 1606272873.1953013, 1606272873.3783555, 1606272873.5719037, 1606272873.754915, 1606272873.9474792, 1606272874.1401746, 1606272874.3308582, 1606272884.5477293, 1606272884.714463, 1606272884.9013975, 1606272885.0828283, 1606272885.2670634, 1606272885.4513884, 1606272885.6228638, 1606272885.8125212, 1606272885.9990087, 1606272886.1838877, 1606272895.4867098, 1606272895.6548474, 1606272895.8401113, 1606272896.0239367, 1606272896.2082045, 1606272896.3869634, 1606272896.6120927, 1606272896.7958572, 1606272896.9795065, 1606272897.1585596, 1606272906.6715312, 1606272906.898151, 1606272907.085829, 1606272907.2721882, 1606272907.4452803, 1606272907.6386557, 1606272907.8293815, 1606272908.0184667, 1606272908.2092068, 1606272908.383131, 1606272917.8828695, 1606272918.0677059, 1606272918.2513704, 1606272918.438624, 1606272918.6224627, 1606272918.7989097, 1606272918.9833128, 1606272919.1692915, 1606272919.3541944, 1606272919.5223894, 1606272928.6301773, 1606272928.8114645, 1606272928.995847, 1606272929.183306, 1606272929.366513, 1606272929.533296, 1606272929.758805, 1606272929.9154518, 1606272930.1032307, 1606272930.2783606, 1606272930.4625423, 1606272939.8726363, 1606272940.059035, 1606272940.2471135, 1606272940.433668, 1606272940.6036847, 1606272940.787117, 1606272940.9754963, 1606272941.1671453, 1606272941.353515, 1606272941.5270085, 1606272951.1551142, 1606272951.3375385, 1606272951.5168126, 1606272951.695251, 1606272951.8648863, 1606272952.0403085, 1606272952.2174673, 1606272952.3948293, 1606272952.572535, 1606272952.7459342, 1606272962.0947807, 1606272962.278181, 1606272962.4668264, 1606272962.6529725, 1606272962.8372974, 1606272963.023219, 1606272963.2512162, 1606272963.4223313, 1606272963.6095262, 1606272963.7675288, 1606272963.9562504, 1606272973.4487317, 1606272973.6373456, 1606272973.8190022, 1606272974.0082986, 1606272974.1977775, 1606272974.3850951, 1606272974.5735111, 1606272974.7451615, 1606272974.9323778, 1606272975.1204307, 1606272984.5988986, 1606272984.778859, 1606272984.9442327, 1606272985.132205, 1606272985.309721, 1606272985.4873977, 1606272985.665785, 1606272985.8302624, 1606272986.0092688, 1606272986.2282052, 1606272995.5652704, 1606272995.739779, 1606272995.8978996, 1606272996.1158876, 1606272996.290675, 1606272996.4641461, 1606272996.629791, 1606272996.8053951, 1606272996.9790769, 1606272997.1532662, 1606273006.4306672, 1606273006.5969605, 1606273006.7855258, 1606273006.9706864, 1606273007.153878, 1606273007.3252733, 1606273007.5033007, 1606273007.6876466, 1606273007.8697555, 1606273008.0520065, 1606273017.4656265, 1606273017.6115608, 1606273017.7899313, 1606273017.93624, 1606273018.1052966, 1606273018.2831264, 1606273018.446316, 1606273018.6244032, 1606273018.8669062, 1606273019.06011, 1606273019.2486894, 1606273019.3972821, 1606273019.5922287, 1606273029.4313083, 1606273029.6054518, 1606273029.7829537, 1606273029.9555633, 1606273030.1263084, 1606273030.3031414, 1606273030.4851036, 1606273030.6662886, 1606273030.8526742, 1606273031.0313747, 1606273040.298964, 1606273040.4708433, 1606273040.6493003, 1606273040.8181725, 1606273041.006255, 1606273041.1702983, 1606273041.348427, 1606273041.519564, 1606273041.6949644, 1606273041.8604643, 1606273050.6976445, 1606273050.865379, 1606273051.034625, 1606273051.1661603, 1606273051.3358772, 1606273051.5088568, 1606273051.7388039, 1606273051.8782854, 1606273052.0235012, 1606273052.2057686, 1606273052.3895042, 1606273052.5615447, 1606273061.2898657, 1606273061.4215147, 1606273061.5687091, 1606273061.7028825, 1606273061.8416677, 1606273061.9741504, 1606273062.1258268, 1606273062.2888112, 1606273062.4487276, 1606273062.611302, 1606273062.740582, 1606273062.8739436, 1606273063.0252604, 1606273063.1621983, 1606273063.3214152, 1606273063.481023, 1606273071.980817, 1606273072.142099, 1606273072.3035903, 1606273072.4648662, 1606273072.6267717, 1606273072.7880495, 1606273072.9972, 1606273073.1588883, 1606273073.321179, 1606273073.4821002, 1606273082.451597, 1606273082.6184416, 1606273082.7868123, 1606273082.9563096, 1606273083.1252599, 1606273083.287201, 1606273083.4542327, 1606273083.6207314, 1606273083.784531, 1606273083.9524188, 1606273092.4176939, 1606273092.5793655, 1606273092.7406068, 1606273092.9017003, 1606273093.0632484, 1606273093.2242858, 1606273093.3854442, 1606273093.5462346, 1606273093.7075365, 1606273093.8692253, 1606273102.3293054, 1606273102.4989488, 1606273102.6687117, 1606273102.888109, 1606273103.056921, 1606273103.2264235, 1606273103.4027703, 1606273103.5727465, 1606273103.7427084, 1606273103.9109468, 1606273112.7523823, 1606273112.9207919, 1606273113.089174, 1606273113.2573934, 1606273113.4249172, 1606273113.5920072, 1606273113.759777, 1606273113.926564, 1606273114.0938292, 1606273114.2611535, 1606273123.2547102, 1606273123.4065268, 1606273123.580954, 1606273123.7554684, 1606273123.9183168, 1606273124.0884507, 1606273124.2557888, 1606273124.4256556, 1606273124.5949178, 1606273124.7611084, 1606273124.9306583, 1606273133.65109, 1606273133.8154614, 1606273133.9802003, 1606273134.1451054, 1606273134.3096387, 1606273134.473401, 1606273134.6384537, 