{"initial_reset_timestamp": 1605917727.3967707, "timestamps": [1605917730.8801227, 1605917731.0330696, 1605917731.2753925, 1605917731.5710847, 1605917731.8509133, 1605917732.1264997, 1605917732.396813, 1605917732.6648557, 1605917732.9316273, 1605917733.1951115, 1605917735.7365255, 1605917736.0009427, 1605917736.2639406, 1605917736.5298026, 1605917736.7922163, 1605917737.0563204, 1605917737.3170824, 1605917737.5773156, 1605917737.837504, 1605917738.1286988, 1605917740.7500825, 1605917741.011787, 1605917741.2734594, 1605917741.5658314, 1605917741.8259091, 1605917742.0859368, 1605917742.3450575, 1605917742.6030648, 1605917742.8612444, 1605917743.119833, 1605917745.752016, 1605917746.0124094, 1605917746.2713854, 1605917746.5293105, 1605917746.7864473, 1605917747.0439084, 1605917747.3007703, 1605917747.5593069, 1605917747.8172238, 1605917748.0754607, 1605917750.7505457, 1605917751.010944, 1605917751.2726717, 1605917751.5332026, 1605917751.7955294, 1605917752.0591252, 1605917752.319419, 1605917752.5811093, 1605917752.843276, 1605917753.1050348, 1605917755.8235023, 1605917756.084884, 1605917756.3481557, 1605917756.6125324, 1605917756.8770597, 1605917757.1773746, 1605917757.4454389, 1605917757.724001, 1605917757.9876778, 1605917758.252543, 1605917760.9510279, 1605917761.2226706, 1605917761.4997823, 1605917761.7697396, 1605917762.0367572, 1605917762.303216, 1605917762.566164, 1605917762.8301847, 1605917763.0888464, 1605917763.34793, 1605917765.9602299, 1605917766.2201357, 1605917766.4799268, 1605917766.7391953, 1605917767.000005, 1605917767.2618036, 1605917767.52271, 1605917767.784154, 1605917768.0444515, 1605917768.3052783, 1605917771.0005403, 1605917771.2643552, 1605917771.5250297, 1605917771.7852778, 1605917772.0443752, 1605917772.3112812, 1605917772.6051629, 1605917772.863601, 1605917773.1402855, 1605917773.40157, 1605917775.980389, 1605917776.2763937, 1605917776.5368414, 1605917776.810401, 1605917777.070313, 1605917777.3303266, 1605917777.5913754, 1605917777.8532884, 1605917778.112552, 1605917778.3758802, 1605917781.5512724, 1605917782.3344777, 1605917783.0816748, 1605917783.8328924, 1605917784.6463437, 1605917785.4594193, 1605917786.294444, 1605917787.140176, 1605917787.94169, 1605917788.7965422, 1605917792.0782204, 1605917792.9622428, 1605917793.8219385, 1605917794.7053478, 1605917795.5547233, 1605917796.4138427, 1605917797.1358767, 1605917797.8838885, 1605917798.6871412, 1605917799.5939066, 1605917802.8114069, 1605917803.7539604, 1605917804.6701324, 1605917805.6478374, 1605917806.5367663, 1605917807.464701, 1605917808.3936117, 1605917809.2162852, 1605917810.1080158, 1605917811.149583, 1605917814.5698252, 1605917815.4525623, 1605917816.3228784, 1605917817.2697349, 1605917818.2535815, 1605917819.245828, 1605917820.0820024, 1605917820.9620724, 1605917821.8352952, 1605917822.8326225, 1605917826.2538636, 1605917827.160576, 1605917827.973101, 1605917828.802054, 1605917829.6114807, 1605917830.4147916, 1605917831.0826235, 1605917831.8320527, 1605917832.6101968, 1605917833.4714274, 1605917836.8984244, 1605917837.8394148, 1605917838.8057573, 1605917839.7623875, 1605917840.7273102, 1605917841.6968732, 1605917842.5165858, 1605917843.3437445, 1605917844.1422136, 1605917844.9509196, 1605917848.2067986, 1605917849.10542, 1605917849.9174993, 1605917850.7472546, 1605917851.5244753, 1605917852.33983, 1605917853.0683343, 1605917853.817489, 1605917854.5818722, 1605917855.4305184, 1605917858.7910423, 1605917859.7565215, 1605917860.712015, 1605917861.6539977, 1605917862.5759184, 1605917863.5128803, 1605917864.4037652, 1605917865.2104926, 1605917866.0366623, 1605917866.7439606, 1605917869.9662964, 1605917870.803347, 1605917871.6550465, 1605917872.5205035, 1605917873.356165, 1605917874.1683197, 1605917874.9875767, 1605917875.8066201, 1605917876.5598452, 1605917877.312011, 1605917880.5622578, 1605917881.4484196, 1605917882.33088, 1605917883.2544594, 1605917884.2057207, 1605917885.1256528, 1605917886.0399823, 1605917886.921129, 1605917887.7328315, 1605917888.509921, 1605917891.7698512, 1605917892.618713, 1605917893.5032492, 1605917894.3632758, 1605917895.17606, 1605917896.0045986, 1605917896.8666804, 1605917897.646799, 1605917898.3532662, 1605917899.139588, 1605917902.4670794, 1605917903.342621, 1605917904.2117126, 1605917905.0994165, 1605917905.9849179, 1605917906.9253042, 1605917907.8738022, 1605917908.793011, 1605917909.6141813, 1605917910.3826954, 1605917913.641377, 1605917914.5025778, 1605917915.3753324, 1605917916.3047142, 1605917917.1452284, 1605917917.9939744, 1605917918.8715203, 1605917919.7189445, 1605917920.440693, 1605917921.1711655, 1605917924.386352, 1605917925.2304215, 1605917926.101953, 1605917926.9922624, 1605917927.8475118, 1605917928.7223334, 1605917929.5814521, 1605917930.542237, 1605917931.3472404, 1605917932.1859994, 1605917935.5394547, 1605917936.4298549, 1605917937.2814124, 1605917938.1329415, 1605917939.017217, 1605917939.8600507, 1605917940.7290142, 1605917941.595904, 1605917942.3096457, 1605917943.0512342, 1605917946.4024563, 1605917947.2672646, 1605917948.1150708, 1605917949.0003085, 1605917949.9014862, 1605917950.78292, 1605917951.675115, 1605917952.5863636, 1605917953.3209898, 1605917954.1612475, 1605917957.6745694, 1605917958.564486, 1605917959.452374, 1605917960.3460915, 1605917961.222664, 1605917962.1057587, 1605917962.9723587, 1605917963.8366249, 1605917964.5707293, 1605917965.3211288, 1605917968.611608, 1605917969.4699333, 1605917970.367003, 1605917971.257411, 1605917972.1465354, 1605917973.0185766, 1605917973.8739567, 1605917974.7500167, 1605917975.518397, 1605917976.242487, 1605917979.6191447, 1605917980.5189927, 1605917981.4049506, 1605917982.2486868, 1605917983.0729246, 1605917983.9103072, 1605917984.7538817, 1605917985.6196084, 1605917986.364688, 1605917987.1556344, 1605917990.3480222, 1605917991.235904, 1605917992.1062999, 1605917992.9597263, 1605917993.8864212, 1605917994.756729, 1605917995.6054156, 1605917996.4650352, 1605917997.148562, 1605917997.8642693, 1605918001.2438087, 1605918002.2078304, 1605918003.1210663, 1605918004.0206378, 1605918004.8960514, 1605918005.7736704, 1605918006.6283855, 1605918007.4674752, 1605918008.2641585, 1605918009.0242176, 1605918012.3063195, 1605918013.1622124, 1605918014.00001, 1605918014.8937817, 1605918015.7709992, 1605918016.6468647, 1605918017.486037, 1605918018.3332627, 1605918019.1003146, 1605918019.8670263, 1605918023.121463, 1605918023.9815671, 1605918024.838968, 1605918025.7284954, 1605918026.6292775, 1605918027.586415, 1605918028.5218909, 1605918029.4138644, 1605918030.296055, 1605918031.0559845, 1605918034.31542, 1605918035.1673777, 1605918036.0367148, 1605918036.876743, 1605918037.7598503, 1605918038.7162888, 1605918039.5830119, 1605918040.4461358, 1605918041.2765133, 1605918042.0198543, 1605918045.274872, 1605918046.1803284, 1605918047.0732353, 1605918047.9672558, 1605918048.9220896, 1605918049.8780758, 1605918050.8545976, 1605918051.8074098, 1605918052.6921003, 1605918053.4261317, 1605918056.7029293, 1605918057.582192, 1605918058.475885, 1605918059.3956203, 1605918060.280081, 1605918061.1618207, 1605918062.1103935, 1605918062.9373176, 1605918063.786862, 1605918064.4809606, 1605918067.7604854, 1605918068.6175082, 1605918069.497151, 1605918070.3747604, 1605918071.255989, 1605918072.1493855, 1605918073.0944192, 1605918074.0134828, 1605918074.9877732, 1605918075.7878792, 1605918078.9377728, 1605918079.7643394, 1605918080.58264, 1605918081.4738774, 1605918082.3374429, 1605918083.200059, 1605918084.0950525, 1605918084.9566505, 1605918085.8618205, 1605918086.6861854, 1605918089.9295006, 1605918090.7625625, 1605918091.5987623, 1605918092.458394, 1605918093.339322, 1605918094.2327657, 1605918095.1359859, 1605918096.0804515, 1605918096.9456296, 1605918097.6439307, 1605918100.9337535, 1605918101.7890973, 1605918102.6366265, 1605918102.9955344, 1605918103.7707558, 1605918104.6092458, 1605918105.4813879, 1605918106.3238232, 1605918107.1546962, 1605918107.9836955, 1605918108.8999863, 