{"initial_reset_timestamp": 1605917728.9910781, "timestamps": [1605917729.1881104, 1605917729.3773885, 1605917729.5780385, 1605917729.7666533, 1605917729.9508982, 1605917730.151905, 1605917730.3231165, 1605917730.4941008, 1605917730.6731527, 1605917730.8471918, 1605917734.0625236, 1605917734.2304742, 1605917734.3983216, 1605917734.5699236, 1605917734.741481, 1605917734.910329, 1605917735.082242, 1605917735.2513428, 1605917735.4243329, 1605917735.5928457, 1605917738.9564118, 1605917739.1453915, 1605917739.325944, 1605917739.502131, 1605917739.6859038, 1605917739.8793132, 1605917740.061822, 1605917740.2494001, 1605917740.4345162, 1605917740.6096258, 1605917743.9607847, 1605917744.1492107, 1605917744.3180563, 1605917744.4981651, 1605917744.6871548, 1605917744.8747199, 1605917745.0428736, 1605917745.2533534, 1605917745.430233, 1605917745.615934, 1605917748.9182804, 1605917749.1457758, 1605917749.3250234, 1605917749.5115314, 1605917749.703036, 1605917749.8924816, 1605917750.0706563, 1605917750.2509942, 1605917750.4246497, 1605917750.6135821, 1605917753.9772673, 1605917754.1570992, 1605917754.3424606, 1605917754.5155065, 1605917754.7158105, 1605917754.9099522, 1605917755.0960906, 1605917755.3003592, 1605917755.4921741, 1605917755.6824322, 1605917759.1096284, 1605917759.29641, 1605917759.483428, 1605917759.674218, 1605917759.8582675, 1605917760.0534177, 1605917760.224132, 1605917760.4071505, 1605917760.6257493, 1605917760.8157432, 1605917764.2065861, 1605917764.388316, 1605917764.606044, 1605917764.7822824, 1605917764.957846, 1605917765.126317, 1605917765.2968717, 1605917765.4738033, 1605917765.6503963, 1605917765.824412, 1605917769.1803815, 1605917769.3526528, 1605917769.5483427, 1605917769.7291698, 1605917769.9215195, 1605917770.1112802, 1605917770.2952015, 1605917770.4761589, 1605917770.6666772, 1605917770.8632903, 1605917774.2522523, 1605917774.435676, 1605917774.6251254, 1605917774.8146064, 1605917774.9870768, 1605917775.1570976, 1605917775.3268998, 1605917775.4952254, 1605917775.6695168, 1605917775.842886, 1605917779.2204416, 1605917779.3983724, 1605917779.577887, 1605917779.7572885, 1605917779.973938, 1605917780.1419988, 1605917780.322918, 1605917780.5016866, 1605917780.6820624, 1605917780.8503094, 1605917789.690519, 1605917789.8914385, 1605917790.0876644, 1605917790.2570643, 1605917790.4321759, 1605917790.6164975, 1605917790.7972927, 1605917790.959822, 1605917791.139636, 1605917791.3282812, 1605917800.44422, 1605917800.6234863, 1605917800.7973573, 1605917800.9707162, 1605917801.1446083, 1605917801.3137536, 1605917801.4922369, 1605917801.6672692, 1605917801.8439798, 1605917802.0133486, 1605917812.0160217, 1605917812.2046373, 1605917812.3983698, 1605917812.5910926, 1605917812.7858896, 1605917812.9709098, 1605917813.1487958, 1605917813.3785956, 1605917813.5778718, 1605917813.7570097, 1605917823.7089021, 1605917823.951269, 1605917824.131541, 1605917824.3227348, 1605917824.5287695, 1605917824.7278159, 1605917824.9115262, 1605917825.1040087, 1605917825.2848923, 1605917825.4650316, 1605917834.3703501, 1605917834.538554, 1605917834.7471676, 1605917834.9308643, 1605917835.1240819, 1605917835.3244472, 1605917835.4964097, 1605917835.695103, 1605917835.8809412, 1605917836.075413, 1605917845.7996986, 1605917845.979124, 1605917846.1742337, 1605917846.353644, 1605917846.5293384, 1605917846.7172225, 1605917846.907787, 1605917847.0794919, 1605917847.3007588, 1605917847.4763286, 1605917856.2975042, 1605917856.492183, 1605917856.6626904, 1605917856.8899956, 1605917857.093098, 1605917857.2894626, 1605917857.461422, 1605917857.6406415, 1605917857.8271265, 1605917858.0237746, 1605917867.621988, 1605917867.8093414, 1605917868.0001805, 1605917868.184492, 1605917868.3568206, 1605917868.5324752, 1605917868.7116246, 1605917868.90002, 1605917869.0750287, 1605917869.2538571, 1605917878.1708155, 1605917878.3590853, 1605917878.5449092, 1605917878.7131002, 1605917878.8987427, 1605917879.0911355, 1605917879.2756429, 1605917879.4431393, 1605917879.6293502, 1605917879.8168082, 1605917889.3832467, 1605917889.5591273, 1605917889.7405462, 1605917889.9100418, 1605917890.1305063, 1605917890.3178606, 1605917890.5066426, 1605917890.6806486, 1605917890.8743787, 1605917891.0622509, 1605917900.0386622, 1605917900.2204134, 1605917900.416631, 1605917900.5958517, 1605917900.779185, 1605917900.9611928, 1605917901.1611488, 1605917901.3425207, 1605917901.528732, 1605917901.7246354, 1605917911.2481337, 1605917911.4370096, 1605917911.6248481, 1605917911.8062346, 1605917911.9977183, 1605917912.189658, 1605917912.360716, 1605917912.5433514, 1605917912.7354426, 1605917912.9150808, 1605917922.0263221, 1605917922.198867, 1605917922.3738568, 1605917922.5615754, 1605917922.734851, 1605917922.920323, 1605917923.0935931, 1605917923.3089592, 1605917923.4949167, 1605917923.6832943, 1605917933.0380611, 1605917933.2624557, 1605917933.469737, 1605917933.6784859, 1605917933.8536, 1605917934.0515904, 1605917934.2449992, 1605917934.4265246, 1605917934.6053019, 1605917934.7953775, 1605917943.9492788, 1605917944.1393688, 1605917944.316462, 1605917944.5148637, 1605917944.6930838, 1605917944.8748305, 1605917945.0637453, 1605917945.2647252, 1605917945.4554718, 1605917945.6339297, 1605917955.038306, 1605917955.2213485, 1605917955.4225764, 1605917955.631374, 1605917955.8198545, 1605917955.9950974, 1605917956.1976638, 1605917956.4053886, 1605917956.652993, 1605917956.8320615, 1605917966.1707706, 1605917966.356645, 1605917966.589878, 1605917966.7785833, 1605917966.947902, 1605917967.1244602, 1605917967.3214333, 1605917967.51724, 1605917967.6881654, 1605917967.8664505, 1605917977.1318839, 1605917977.309953, 1605917977.499803, 1605917977.6976912, 1605917977.8932045, 1605917978.0731697, 1605917978.2592041, 1605917978.4533136, 1605917978.6540968, 1605917978.8353062, 1605917988.0076134, 1605917988.1829834, 1605917988.3702695, 1605917988.559116, 1605917988.7373326, 1605917988.908959, 1605917989.0982776, 1605917989.2779179, 1605917989.457817, 1605917989.6415696, 1605917998.719685, 1605917998.8951838, 1605917999.080034, 1605917999.2687955, 1605917999.4493783, 1605917999.631383, 1605917999.823376, 1605918000.0654979, 1605918000.2580473, 1605918000.4378254, 1605918009.8668694, 1605918010.090143, 1605918010.2756877, 1605918010.4550896, 1605918010.6300588, 1605918010.81093, 1605918010.9941328, 1605918011.1821268, 1605918011.3596096, 1605918011.5557876, 1605918020.7710726, 1605918020.9475799, 1605918021.1426878, 1605918021.3206124, 1605918021.4973173, 1605918021.6830978, 1605918021.8731165, 1605918022.0554087, 1605918022.230501, 1605918022.4198132, 1605918031.9106724, 1605918032.0821233, 1605918032.2683947, 1605918032.454943, 1605918032.6264863, 1605918032.8134649, 1605918033.0320208, 1605918033.2326171, 1605918033.4038074, 1605918033.582376, 1605918042.8707316, 1605918043.0451248, 1605918043.218482, 1605918043.3882496, 1605918043.561256, 1605918043.742683, 1605918043.934354, 1605918044.1129837, 1605918044.332689, 1605918044.5205944, 1605918054.2802207, 1605918054.4545248, 1605918054.6217313, 1605918054.7902312, 1605918055.0159965, 1605918055.194333, 1605918055.3922884, 1605918055.5718074, 1605918055.7417583, 1605918055.9132411, 1605918065.435512, 1605918065.6153753, 1605918065.7905474, 1605918065.9630103, 1605918066.1338603, 1605918066.3198884, 1605918066.524708, 1605918066.7088292, 1605918066.8923645, 1605918067.0718157, 1605918076.6787746, 1605918076.8458369, 1605918077.0137048, 1605918077.1905048, 1605918077.360173, 1605918077.5279777, 1605918077.6969204, 1605918077.8681605, 1605918078.0542507, 1605918078.2463543, 1605918087.568451, 1605918087.7463877, 1605918087.9246047, 1605918088.094107, 1605918088.265745, 1605918088.4427738, 1605918088.6237202, 1605918088.8634064, 1605918089.0483043, 1605918089.2364697, 1605918098.8678923, 1605918099.0942976, 1605918099.2646072, 1605918099.434919, 1605918099.6076884, 1605918099.78803, 1605918099.965136, 1605918100.1437583, 1605918100.316626, 1605918100.5221925, 1605918109.9869785, 