{"initial_reset_timestamp": 1606185846.8111358, "timestamps": [1606185849.8525052, 1606185850.0634644, 1606185850.3912337, 1606185850.6994376, 1606185850.9978797, 1606185851.2920742, 1606185853.5943532, 1606185853.886985, 1606185854.1782644, 1606185854.4649162, 1606185854.7530732, 1606185855.0391893, 1606185855.3245232, 1606185858.2738173, 1606185859.836946, 1606185861.3235197, 1606185862.230641, 1606185862.8593714, 1606185864.4431956, 1606185865.037784, 1606185866.036586, 1606185867.4516447, 1606185870.8236582, 1606185871.9033215, 1606185873.4384446, 1606185874.9705172, 1606185876.6313202, 1606185878.262787, 1606185879.709319, 1606185883.1050546, 1606185884.5846045, 1606185886.050606, 1606185887.6265872, 1606185889.2721634, 1606185890.7947302, 1606185894.1802862, 1606185895.7012634, 1606185897.241723, 1606185898.7106552, 1606185900.2954884, 1606185901.9268332, 1606185903.403652, 1606185906.964148, 1606185908.3663082, 1606185909.8109393, 1606185911.305492, 1606185912.9394212, 1606185914.6188483, 1606185916.123178, 1606185919.5651882, 1606185921.0369854, 1606185922.3563638, 1606185923.8086817, 1606185925.409519, 1606185927.0515332, 1606185930.349534, 1606185931.9306946, 1606185933.38572, 1606185934.713987, 1606185936.117714, 1606185937.6134565, 1606185939.2133288, 1606185942.5486012, 1606185944.1143875, 1606185945.672703, 1606185947.0671382, 1606185948.2765682, 1606185949.7194905, 1606185951.242592, 1606185954.6404767, 1606185956.2374003, 1606185957.8712416, 1606185959.3320384, 1606185960.7038925, 1606185962.1511638, 1606185965.5867612, 1606185967.1063313, 1606185968.7629678, 1606185970.4682505, 1606185972.0045488, 1606185973.3962598, 1606185974.7559528, 1606185978.2593923, 1606185979.751691, 1606185981.2969954, 1606185982.9511678, 1606185984.5471244, 1606185985.9855592, 1606185987.246653, 1606185990.4719284, 1606185991.8929405, 1606185993.351397, 1606185994.9464905, 1606185996.5596023, 1606185998.0859358, 1606186001.2873633, 1606186002.7365203, 1606186004.1926267, 1606186005.638753, 1606186007.1640785, 1606186008.8015757, 1606186010.4336672, 1606186013.524625, 1606186014.9169562, 1606186016.5056758, 1606186017.8819296, 1606186019.2807171, 1606186020.7485437, 1606186022.3376834, 1606186025.5396612, 1606186026.8105187, 1606186028.3771317, 1606186030.037355, 1606186031.4752584, 1606186032.9233675, 1606186036.4434721, 1606186037.8449457, 1606186039.0631337, 1606186040.5872045, 1606186042.163934, 1606186043.757137, 1606186045.179312, 1606186048.5171287, 1606186049.9577906, 1606186051.2138612, 1606186052.6365654, 1606186054.266161, 1606186055.902429, 1606186057.5215967, 1606186060.8492641, 1606186062.296167, 1606186063.5395486, 1606186064.9568865, 1606186066.5632, 1606186068.1910288, 1606186071.7142978, 1606186073.1521356, 1606186074.43335, 1606186075.7513707, 1606186077.1724067, 1606186078.6508434, 1606186080.2682106, 1606186083.894247, 1606186085.3822944, 1606186086.6921206, 1606186087.9523304, 1606186089.4010038, 1606186090.853819, 1606186092.4348009, 1606186095.9771197, 1606186097.5574322, 1606186098.8838668, 1606186100.1759484, 1606186101.66192, 1606186103.1491582, 1606186106.754858, 1606186108.3724043, 1606186110.0112832, 1606186111.548551, 1606186112.7632353, 1606186114.0613956, 1606186115.413223, 1606186118.9526646, 1606186120.5641234, 1606186122.1826982, 1606186123.7063394, 1606186125.1528816, 1606186126.5502696, 1606186127.764661, 1606186131.184027, 1606186132.7734168, 1606186134.3596175, 1606186135.8612392, 1606186137.3251016, 1606186138.9344456, 1606186142.0576463, 1606186143.4067268, 1606186145.004456, 1606186146.6177611, 1606186148.066621, 1606186149.6285605, 1606186151.259865, 1606186154.9614537, 1606186156.2148502, 1606186157.7286258, 1606186159.2197425, 1606186160.7643821, 1606186162.3867166, 1606186164.0218334, 1606186167.881017, 1606186169.1122496, 1606186170.3072734, 1606186171.7877293, 1606186173.3774605, 1606186174.9873283, 1606186179.2250698, 1606186180.756875, 1606186181.9867747, 1606186183.0603752, 1606186184.3964727, 1606186186.0312815, 1606186187.6685004, 1606186192.2470152, 1606186193.8763702, 1606186195.0036561, 1606186196.0882928, 1606186197.361473, 1606186199.0039527, 1606186200.6473653, 1606186204.402487, 1606186206.0149534, 1606186207.5226252, 1606186208.5885768, 1606186209.8294404, 1606186211.1375551, 1606186215.4864466, 1606186217.1113923, 1606186218.6985664, 1606186220.152238, 1606186221.596469, 1606186222.8485506, 1606186224.2945352, 1606186228.2812307, 1606186229.9198585, 1606186231.447431, 1606186232.9335265, 1606186234.4292333, 1606186235.835106, 1606186237.2759678, 1606186241.032642, 1606186242.6753895, 1606186244.1330972, 1606186245.6884613, 1606186247.1441584, 1606186248.7449164, 1606186252.470026, 1606186254.0352106, 1606186255.508001, 1606186257.0016124, 1606186258.4740672, 1606186260.0194345, 1606186261.6507185, 1606186265.5548239, 1606186266.9151297, 1606186268.3767223, 1606186269.8501623, 1606186271.3115458, 1606186272.9008183, 1606186274.4962497, 1606186278.728228, 1606186279.9601858, 1606186281.2425728, 1606186282.7149408, 1606186284.3103495, 1606186285.88818, 1606186289.796691, 1606186291.267683, 1606186292.467246, 1606186293.4728796, 1606186294.891038, 1606186296.483494, 1606186298.069969, 1606186302.257224, 1606186303.83871, 1606186305.0716958, 1606186306.247218, 1606186307.6644921, 1606186309.2055686, 1606186310.8658586, 1606186315.0535178, 1606186316.5823605, 1606186317.8929474, 1606186319.3354251, 1606186320.788532, 1606186322.3522336, 1606186326.3544047, 1606186327.9857707, 1606186329.2569664, 1606186330.6033602, 1606186332.177356, 1606186333.585421, 1606186334.9870172, 1606186338.6099076, 1606186339.9170525, 1606186340.9724345, 1606186342.3368974, 1606186343.737984, 1606186345.1419685, 1606186346.5497954, 1606186350.356088, 1606186351.4743278, 1606186352.6709013, 1606186354.0606036, 1606186355.468174, 1606186356.8761835, 1606186360.4609993, 1606186361.800102, 1606186362.8817031, 1606186364.1239123, 1606186365.2510316, 1606186366.3950844, 1606186367.568724, 1606186370.3092117, 1606186371.255526, 1606186372.2795427, 1606186373.418933, 1606186374.5590534, 1606186375.7505288, 1606186376.9100342, 1606186380.1929045, 1606186381.285071, 1606186382.5899658, 1606186383.7657566, 1606186384.91447, 1606186386.0876024, 1606186389.436373, 1606186390.5761285, 1606186391.756173, 1606186392.9158087, 1606186394.0607042, 1606186395.200849, 1606186396.3221881, 1606186400.1885273, 1606186401.380864, 1606186402.5737355, 1606186403.7466645, 1606186404.9082575, 1606186406.0673184, 1606186407.242763, 1606186410.9387927, 1606186412.1144683, 1606186413.3018641, 1606186414.4930959, 1606186415.669014, 1606186416.8509312],