{"initial_reset_timestamp": 1606185848.4447052, "timestamps": [1606185848.642144, 1606185848.8240612, 1606185849.0692751, 1606185849.2495759, 1606185849.4211404, 1606185849.6087613, 1606185849.800292, 1606185852.3152664, 1606185852.5232453, 1606185852.72195, 1606185852.9208136, 1606185853.1194046, 1606185853.3201287, 1606185853.5230813, 1606185856.2087307, 1606185856.3934684, 1606185856.593927, 1606185856.78313, 1606185856.9823232, 1606185857.1826935, 1606185857.3853128, 1606185868.4424686, 1606185868.6473913, 1606185868.8492153, 1606185869.0272677, 1606185869.231279, 1606185869.4356425, 1606185869.6390026, 1606185880.63668, 1606185880.8438559, 1606185881.03291, 1606185881.2390177, 1606185881.4448256, 1606185881.6391861, 1606185881.8274748, 1606185892.636404, 1606185892.8284822, 1606185893.020354, 1606185893.2114747, 1606185893.39966, 1606185893.5791852, 1606185893.76816, 1606185904.808959, 1606185905.0156443, 1606185905.2219346, 1606185905.4117062, 1606185905.6179266, 1606185905.8186524, 1606185906.0500388, 1606185917.0392673, 1606185917.2182043, 1606185917.4013505, 1606185917.6006505, 1606185917.8033912, 1606185918.0058424, 1606185918.20085, 1606185928.8820739, 1606185929.0575926, 1606185929.2653992, 1606185929.44263, 1606185929.6226614, 1606185929.8030205, 1606185929.9687908, 1606185940.6607034, 1606185940.8378751, 1606185941.0142791, 1606185941.1906211, 1606185941.3732119, 1606185941.5468569, 1606185941.714342, 1606185952.2063396, 1606185952.4101226, 1606185952.6059592, 1606185952.784717, 1606185952.9627652, 1606185953.1390338, 1606185953.312632, 1606185964.0643592, 1606185964.269984, 1606185964.477109, 1606185964.6830297, 1606185964.887012, 1606185965.061313, 1606185965.2226038, 1606185976.2114687, 1606185976.4164774, 1606185976.625016, 1606185976.8324685, 1606185977.0344822, 1606185977.2281363, 1606185977.4316528, 1606185988.1037252, 1606185988.2774165, 1606185988.4497354, 1606185988.6205866, 1606185988.7956808, 1606185988.9730127, 1606185989.150719, 1606185999.9187372, 1606186000.079205, 1606186000.2390392, 1606186000.3968883, 1606186000.5527108, 1606186000.724032, 1606186000.9055896, 1606186011.7768207, 1606186011.9573872, 1606186012.1411996, 1606186012.32393, 1606186012.507185, 1606186012.689611, 1606186012.8408253, 1606186023.2428668, 1606186023.4426677, 1606186023.6435504, 1606186023.8261912, 1606186023.9866998, 1606186024.1646848, 1606186024.3449235, 1606186034.775119, 1606186034.9846723, 1606186035.186445, 1606186035.3873682, 1606186035.5880594, 1606186035.822443, 1606186036.0137568, 1606186046.5180874, 1606186046.699615, 1606186046.8807523, 1606186047.0477316, 1606186047.225496, 1606186047.4066472, 1606186047.5860388, 1606186058.4687219, 1606186058.6536546, 1606186058.8382373, 1606186059.0184767, 1606186059.200107, 1606186059.3681, 1606186059.5368931, 1606186070.1584735, 1606186070.3635752, 1606186070.5663147, 1606186070.7635145, 1606186070.9558008, 1606186071.1567686, 1606186071.3590398, 1606186081.7200162, 1606186081.9253433, 1606186082.1554844, 1606186082.3555627, 1606186082.560717, 1606186082.7675486, 1606186082.959968, 1606186093.3606133, 1606186093.563058, 1606186093.7645988, 1606186093.9494684, 1606186094.1494455, 1606186094.3493083, 1606186094.5524743, 1606186105.0737617, 1606186105.2724211, 1606186105.5217793, 1606186105.734822, 1606186105.9417307, 1606186106.1500273, 1606186106.3462937, 1606186116.8063872, 1606186116.9982235, 1606186117.2031555, 1606186117.4003987, 1606186117.6051311, 1606186117.8052022, 1606186118.0123527, 1606186128.621849, 1606186128.7806742, 1606186128.9960158, 1606186129.18058, 1606186129.3633027, 1606186129.5503378, 1606186129.7570617, 1606186140.6680567, 1606186140.8291242, 1606186140.9900503, 1606186141.1532116, 1606186141.3154898, 1606186141.4760714, 1606186141.577714, 1606186141.7407255, 1606186152.6487734, 1606186152.7533681, 1606186152.8855705, 1606186153.0176988, 1606186153.2022502, 1606186153.3339992, 1606186153.437508, 1606186153.534201, 1606186153.6312296, 1606186153.7500834, 1606186153.8891015, 1606186154.0331812, 1606186154.1406314, 1606186154.2338896, 1606186164.8455293, 1606186164.949721, 1606186165.070711, 1606186165.174346, 1606186165.2824972, 1606186165.4097161, 1606186165.5547888, 1606186165.7062242, 1606186165.8231852, 1606186165.9645722, 1606186166.153326, 1606186166.2592783, 1606186166.430099, 1606186166.559425, 1606186166.7045686, 1606186176.8509884, 1606186176.9587412, 1606186177.074368, 1606186177.172641, 1606186177.2962267, 1606186177.4653707, 1606186177.6175647, 1606186177.7732575, 1606186177.8871357, 1606186177.9958622, 1606186178.1062129, 1606186178.2333865, 1606186178.3331697, 1606186178.4570131, 1606186178.5468478, 1606186178.6633213, 1606186178.8078141, 1606186189.0906296, 1606186189.1960745, 1606186189.2943769, 1606186189.4307675, 1606186189.541122, 1606186189.724356, 1606186189.8331752, 1606186189.9371552, 1606186190.0469875, 1606186190.1529617, 1606186190.2474542, 1606186190.3588119, 1606186190.475188, 1606186190.5936904, 1606186190.7134554, 1606186190.8506553, 1606186190.9678962, 1606186191.0605953, 1606186191.1849444, 1606186191.3166814, 1606186201.5739594, 1606186201.7138426, 1606186201.917977, 1606186202.0753202, 1606186202.211596, 1606186202.3395557, 1606186202.5398474, 1606186202.7338922, 1606186202.9265597, 1606186212.988083, 1606186213.1240838, 1606186213.26329, 1606186213.4021688, 1606186213.5195906, 1606186213.6082046, 1606186213.7199423, 1606186213.8583663, 1606186213.9742842, 1606186214.098315, 1606186214.219251, 1606186214.3463478, 1606186214.441026, 1606186214.5378296, 1606186214.6548016, 1606186214.8175876, 1606186214.928439, 1606186215.0664647, 1606186225.6437163, 1606186225.7731614, 1606186225.938505, 1606186226.0698276, 1606186226.1907384, 1606186226.3038883, 1606186226.4296317, 1606186226.5582209, 1606186226.7590647, 1606186226.9620721, 1606186227.0806632, 1606186227.211641, 1606186227.3275096, 1606186238.1237416, 1606186238.2441716, 1606186238.3617837, 1606186238.5361125, 1606186238.651772, 1606186238.8055606, 1606186238.977193, 1606186239.1734512, 1606186239.2938666, 1606186239.4477975, 1606186239.5628169, 1606186250.6505215, 1606186250.7670097, 1606186250.890513, 1606186251.0724854, 1606186251.238724, 1606186251.385501, 1606186251.5132823, 1606186251.619036, 1606186251.724179, 1606186251.8360972, 1606186251.9719086, 1606186252.0948737, 1606186263.019145, 1606186263.1423452, 1606186263.2714555, 1606186263.396451, 1606186263.49735, 1606186263.5958652, 1606186263.7170537, 1606186263.8374825, 1606186263.9574015, 1606186264.0672507, 1606186264.1677787, 1606186264.2770133, 1606186264.4004211, 1606186264.511639, 1606186264.620214, 1606186264.7329016, 1606186275.3690133, 1606186275.4686315, 1606186275.6118987, 1606186275.717, 1606186275.8928668, 1606186275.9867442, 1606186276.1067507, 1606186276.2195888, 1606186276.3520734, 1606186276.442392, 1606186276.5751617, 1606186276.709417, 1606186276.813895, 1606186276.908683, 1606186277.01683, 1606186277.15673, 1606186277.2706223, 1606186277.3590415, 1606186277.4781415, 1606186287.7677176, 1606186287.9235494, 1606186288.128546, 1606186288.2225792, 1606186288.4188695, 1606186288.5234456, 1606186288.6430738, 1606186288.8231647, 1606186288.939445, 1606186289.1446512, 1606186289.2577257, 1606186289.379092, 1606186299.4968204, 1606186299.6222303, 1606186299.7278717, 1606186299.9220555, 1606186300.022653, 1606186300.1568792, 1606186300.2687476, 1606186300.4667695, 1606186300.6012, 1606186300.7233171, 1606186300.8568134, 1606186300.9836657, 1606186301.1262448, 1606186301.2242067, 1606186301.3522177, 1606186311.7126517, 1606186311.819157, 1606186311.9781723, 1606186312.1280017, 1606186312.2601316, 1606186312.3723917, 1606186312.4761438, 1606186312.5985827, 1606186312.802596, 1606186312.907087, 1606186313.0111604, 1606186313.1440043, 1606186313.2821763, 1606186313.3818214, 1606186313.50243, 1606186313.6062748, 1606186324.2880642, 1606186324.3972468, 1606186324.5372996, 1606186324.6425087, 1606186324.8446357, 