{"initial_reset_timestamp": 1606264798.8828347, "timestamps": [1606264801.534176, 1606264801.746008, 1606264802.0730171, 1606264802.374663, 1606264802.6709025, 1606264802.9615548, 1606264805.0174284, 1606264805.3113103, 1606264805.606257, 1606264805.8994515, 1606264806.1927388, 1606264806.4869738, 1606264806.784706, 1606264809.6186674, 1606264811.0288792, 1606264812.22759, 1606264813.5716777, 1606264814.3871393, 1606264815.6333628, 1606264816.9797444, 1606264820.1447687, 1606264821.512701, 1606264822.6877806, 1606264823.927298, 1606264825.245975, 1606264826.5013595, 1606264827.8844752, 1606264831.089891, 1606264832.3983178, 1606264833.5983934, 1606264834.902283, 1606264836.0484672, 1606264837.3196528, 1606264840.4488986, 1606264841.829882, 1606264843.068838, 1606264844.308772, 1606264845.623334, 1606264846.8581238, 1606264848.2163587, 1606264851.3423104, 1606264852.7173607, 1606264853.9024148, 1606264855.2226686, 1606264856.4373229, 1606264857.733707, 1606264859.1177328, 1606264862.2504442, 1606264863.4870179, 1606264864.6805766, 1606264865.9553967, 1606264867.132891, 1606264868.4809458, 1606264871.6820064, 1606264873.0473928, 1606264874.2354238, 1606264875.4761598, 1606264876.7476974, 1606264878.0133631, 1606264879.3839102, 1606264882.509775, 1606264883.8710587, 1606264885.0219338, 1606264886.2612717, 1606264887.4296873, 1606264888.7149553, 1606264890.0882037, 1606264893.252885, 1606264894.6225357, 1606264895.8069577, 1606264896.930359, 1606264898.16284, 1606264899.5083385, 1606264902.6161053, 1606264903.9676301, 1606264905.3393574, 1606264906.5872395, 1606264907.6094797, 1606264908.7409837, 1606264910.1112256, 1606264913.2499187, 1606264914.5826674, 1606264915.9654036, 1606264917.3104742, 1606264918.3540242, 1606264919.5167303, 1606264920.909102, 1606264924.1153111, 1606264925.4906428, 1606264926.852368, 1606264928.152659, 1606264928.913641, 1606264930.107668, 1606264931.4878154, 1606264934.6274996, 1606264935.0303137, 1606264936.3674476, 1606264937.7201972, 1606264938.8892417, 1606264939.8759525, 1606264941.1466959, 1606264944.2479262, 1606264945.5896082, 1606264946.9301798, 1606264948.2645261, 1606264949.447358, 1606264950.3941705, 1606264951.4627097, 1606264954.5607636, 1606264955.89809, 1606264957.2401063, 1606264958.577391, 1606264959.8316157, 1606264960.9021835, 1606264963.7275662, 1606264965.0468738, 1606264966.3662775, 1606264967.6781251, 1606264968.9920597, 1606264970.3005178, 1606264971.4895074, 1606264974.2067058, 1606264975.5277145, 1606264976.301484, 1606264977.655503, 1606264978.9317956, 1606264980.2378216, 1606264981.5658143, 1606264984.501736, 1606264985.167487, 1606264986.404948, 1606264987.7684093, 1606264989.1354704, 1606264990.4891481, 1606264991.8342872, 1606264995.088707, 1606264996.1313775, 1606264997.0102074, 1606264998.3256903, 1606264999.652379, 1606265000.9860446, 1606265002.3112226, 1606265005.8990932, 1606265006.9218333, 1606265007.9768307, 1606265009.1397123, 1606265010.588383, 1606265011.9823103, 1606265013.3549347, 1606265016.7842, 1606265017.8065739, 1606265018.8245244, 1606265019.9664433, 1606265021.3438606, 1606265022.711073, 1606265024.0844643, 1606265028.2378516, 1606265029.2355022, 1606265030.2507727, 1606265031.4522054, 1606265032.8261957, 1606265034.1709228, 1606265037.6628525, 1606265039.0351171, 1606265040.189763, 1606265041.2351065, 1606265042.408224, 1606265043.737385, 1606265045.0988355, 1606265049.5246224, 1606265050.7145028, 1606265051.8061113, 1606265052.9732006, 1606265054.234509, 1606265055.5891654, 1606265056.9486427, 1606265060.956722, 1606265062.252567, 1606265063.3897293, 1606265064.5629954, 1606265065.89379, 1606265067.2589023, 1606265071.139379, 1606265072.4191282, 1606265073.6537147, 1606265074.8286877, 1606265075.9781384, 1606265077.3389914, 1606265078.7088614, 1606265082.7426674, 1606265084.116696, 1606265085.387904, 1606265086.6524148, 1606265087.8600714, 1606265089.2259114, 1606265090.5879848, 1606265094.929974, 1606265096.19746, 1606265097.377912, 1606265098.531998, 1606265099.8387938, 1606265101.1426458, 1606265104.8659654, 1606265106.2470098, 1606265107.5529468, 1606265108.730598, 1606265109.8522198, 1606265111.1121025, 1606265112.2829165, 1606265116.7252984, 1606265118.0526755, 1606265119.236573, 1606265120.4484878, 1606265121.5888853, 1606265122.8286974, 1606265124.1846259, 1606265127.6953378, 1606265129.0581522, 1606265130.274387, 1606265131.4662728, 1606265132.5590038, 1606265133.890306, 1606265138.5199716, 1606265139.9163468, 1606265141.1541827, 1606265142.2108798, 1606265143.3670971, 1606265144.7340739, 1606265146.0976944, 1606265150.9830947, 1606265151.8039424, 1606265152.8381543, 1606265153.9478536, 1606265155.2849486, 1606265156.6481278, 1606265158.035421, 1606265162.5340357, 1606265163.6622994, 1606265164.8218806, 1606265166.0086544, 1606265167.397107, 1606265168.7761145, 1606265170.1265051, 1606265173.2161262, 1606265174.4918458, 1606265175.6596398, 1606265176.8296392, 1606265178.1113904, 1606265179.4888213, 1606265183.0956218, 1606265184.3513672, 1606265185.7309275, 1606265186.9150136, 1606265188.0767636, 1606265189.3078258, 1606265190.685851, 1606265195.2299347, 1606265196.5884953, 1606265197.883068, 1606265199.1026142, 1606265200.2911553, 1606265201.6882474, 1606265203.0899162, 1606265207.5627315, 1606265208.9451709, 1606265210.1011837, 1606265211.29686, 1606265212.5924265, 1606265213.8317816, 1606265217.077805, 1606265218.4354434, 1606265219.7742136, 1606265220.9036632, 1606265222.105007, 1606265223.3835022, 1606265224.7470715, 1606265228.871426, 1606265230.2547295, 1606265231.5176985, 1606265232.7139313, 1606265233.9045935, 1606265235.264756, 1606265236.6260397, 1606265240.392736, 1606265241.6516404, 1606265242.8303301, 1606265244.0413125, 1606265245.2880924, 1606265246.652584, 1606265251.3707519, 1606265252.5843148, 1606265253.7435606, 1606265254.940515, 1606265256.2471797, 1606265257.6120496, 1606265258.9765036, 1606265263.344947, 1606265264.4233074, 1606265265.5937946, 1606265266.831655, 1606265268.1725094, 1606265269.5383499, 1606265270.9068303, 1606265275.175662, 1606265276.3742702, 1606265277.7125344, 1606265279.0677745, 1606265280.434788, 1606265281.8114567, 1606265285.797654, 1606265286.9776673, 1606265288.1949568, 1606265289.5589747, 1606265290.9280384, 1606265292.302027, 1606265293.670513, 1606265298.1837237, 1606265299.3412354, 1606265300.6831136, 1606265302.0254037, 1606265303.388376, 1606265304.754626, 1606265305.9498148, 1606265310.2349656, 1606265311.639209, 1606265312.9987001, 1606265314.416351, 1606265315.6060874, 1606265316.8141634, 1606265320.867112, 1606265321.92481, 1606265323.062764, 1606265324.225012, 1606265325.3686225, 1606265326.4623725, 1606265327.553834],