{"initial_reset_timestamp": 1606272047.3041577, "timestamps": [1606272050.8357394, 1606272051.0025465, 1606272051.25204, 1606272051.5555522, 1606272051.8380277, 1606272052.1346445, 1606272052.408299, 1606272052.6779063, 1606272052.9490385, 1606272053.2122788, 1606272055.9293876, 1606272056.193351, 1606272056.4643323, 1606272056.734742, 1606272057.0005634, 1606272057.2637005, 1606272057.5254502, 1606272057.7910318, 1606272058.0505424, 1606272058.342888, 1606272061.0750928, 1606272061.3443725, 1606272061.6088715, 1606272061.9040775, 1606272062.1740484, 1606272062.4377525, 1606272062.700296, 1606272062.9611564, 1606272063.2220001, 1606272063.4841409, 1606272066.2301476, 1606272066.5002, 1606272066.7798755, 1606272067.0566936, 1606272067.3220425, 1606272067.5845044, 1606272067.8525512, 1606272068.1152272, 1606272068.3788233, 1606272068.6463451, 1606272071.3926675, 1606272071.652701, 1606272071.9147406, 1606272072.1816792, 1606272072.4480124, 1606272072.7089694, 1606272072.9702787, 1606272073.2328563, 1606272073.4932532, 1606272073.7528033, 1606272076.4450724, 1606272076.7080421, 1606272076.9681325, 1606272077.2303698, 1606272077.526463, 1606272077.7868109, 1606272078.0461907, 1606272078.306335, 1606272078.5657802, 1606272078.8257728, 1606272081.553054, 1606272081.8140733, 1606272082.0778399, 1606272082.3372176, 1606272082.6021864, 1606272082.866224, 1606272083.139616, 1606272083.402564, 1606272083.6638176, 1606272083.9353213, 1606272086.616495, 1606272086.8843944, 1606272087.1489825, 1606272087.4175687, 1606272087.6824706, 1606272087.9439628, 1606272088.2061808, 1606272088.4703543, 1606272088.7305257, 1606272088.9889073, 1606272091.7190201, 1606272091.9791334, 1606272092.2396717, 1606272092.4993973, 1606272092.7573004, 1606272093.0162306, 1606272093.3081977, 1606272093.5647545, 1606272093.8222103, 1606272094.0807781, 1606272096.7435436, 1606272097.0002882, 1606272097.2594268, 1606272097.5173364, 1606272097.7759533, 1606272098.035757, 1606272098.2942004, 1606272098.554572, 1606272098.813308, 1606272099.0748103, 1606272102.5547833, 1606272103.5730314, 1606272104.5916533, 1606272105.6673913, 1606272106.5602028, 1606272107.442381, 1606272108.3689656, 1606272109.3136811, 1606272110.2263782, 1606272111.26769, 1606272114.7513232, 1606272115.8017147, 1606272116.8036942, 1606272117.7291348, 1606272118.7130888, 1606272119.7220795, 1606272120.7347326, 1606272121.770398, 1606272122.7009194, 1606272123.6303442, 1606272127.0331259, 1606272127.9729419, 1606272128.9696777, 1606272130.0370126, 1606272131.1322858, 1606272132.195318, 1606272133.2931285, 1606272134.328658, 1606272135.4027529, 1606272136.4350402, 1606272139.613617, 1606272140.495689, 1606272141.3937035, 1606272142.2719615, 1606272143.1376026, 1606272144.051342, 1606272145.0157616, 1606272145.9404404, 1606272146.8465798, 1606272147.7366881, 1606272151.1090553, 1606272152.0836606, 1606272153.011988, 1606272153.8918278, 1606272154.8764215, 1606272155.7580109, 1606272156.6882906, 1606272157.556997, 1606272158.3841789, 1606272159.1890233, 1606272162.5066307, 1606272163.397936, 1606272164.2887003, 1606272165.199585, 1606272166.0750341, 1606272166.9579892, 1606272167.7596934, 1606272168.5837781, 1606272169.447346, 1606272170.3201034, 1606272173.6169884, 1606272174.5104513, 1606272175.4507616, 1606272176.3381038, 1606272177.2219484, 1606272178.0645192, 1606272178.953683, 1606272179.8533359, 1606272180.7276468, 1606272181.6262875, 1606272184.9436862, 1606272185.8978639, 1606272186.779067, 1606272187.5832973, 1606272188.4432073, 1606272189.3287177, 1606272190.2384484, 1606272191.1459787, 1606272192.0214064, 1606272192.942114, 1606272196.1210692, 1606272196.9870203, 1606272197.782505, 1606272198.6118922, 1606272199.410925, 1606272200.2170546, 1606272201.0163317, 1606272201.8346858, 1606272202.734867, 1606272203.560878, 1606272206.612561, 1606272207.4365304, 1606272208.2715259, 1606272209.0504544, 1606272209.8343759, 1606272210.6095815, 1606272211.3980668, 1606272212.177088, 1606272212.9306974, 1606272213.7015357, 1606272216.7494066, 1606272217.5192075, 1606272218.2987266, 1606272219.093678, 1606272219.8697355, 1606272220.6458015, 1606272221.431499, 1606272222.1834486, 1606272222.939359, 1606272223.7035003, 1606272226.6668742, 1606272227.4325078, 1606272228.1943064, 1606272229.0087936, 1606272229.7686763, 1606272230.5734606, 1606272231.34918, 1606272232.1490276, 1606272232.942971, 1606272233.7030287, 1606272236.6250021, 1606272237.3776565, 1606272238.1280186, 1606272238.8814538, 1606272239.6298037, 1606272240.3876135, 1606272241.1464229, 1606272241.9047108, 1606272242.678947, 1606272243.43459, 1606272246.4795341, 1606272247.2848654, 1606272248.0843737, 1606272248.8985858, 1606272249.6880383, 1606272250.4465077, 1606272251.2170942, 1606272251.9747257, 1606272252.7547944, 1606272253.521853, 1606272256.497218, 1606272257.2936525, 1606272258.072453, 1606272258.835161, 1606272259.6002152, 1606272260.456472, 1606272261.254331, 1606272262.0618565, 1606272262.8923123, 1606272263.7236664, 1606272266.6124136, 1606272267.4124703, 1606272268.1739748, 1606272268.9649956, 1606272269.724588, 1606272270.4857454, 1606272271.2802923, 1606272272.0407271, 1606272272.8290598, 1606272273.6004543, 1606272276.6161425, 1606272277.4078588, 1606272278.201791, 1606272278.9754546, 1606272279.7402945, 1606272280.505099, 1606272281.2666166, 1606272282.026223, 1606272282.8710303, 1606272283.6740725, 1606272286.7183154, 1606272287.5426388, 1606272288.4030857, 1606272289.2079074, 1606272289.987338, 1606272290.7736044, 1606272291.572126, 1606272292.3959816, 1606272293.1821465, 1606272293.9738264, 1606272297.0836377, 1606272297.873067, 1606272298.7026632, 1606272299.5761771, 1606272300.3631895, 1606272301.2239914, 1606272302.0627663, 1606272302.8763435, 1606272303.6651938, 1606272304.4582155, 1606272307.6299608, 1606272308.432824, 1606272309.2412832, 1606272310.0330393, 1606272310.857368, 1606272311.6068695, 1606272312.4266224, 1606272313.2704704, 1606272314.0673482, 1606272314.8644223, 1606272317.9977558, 1606272318.8030918, 1606272319.6138527, 1606272320.4299254, 1606272321.2281597, 1606272322.0294068, 1606272322.8607695, 1606272323.6647317, 1606272324.47293, 1606272325.2680123, 1606272328.3829832, 1606272329.1783783, 1606272329.9679692, 1606272330.751042, 1606272331.532858, 1606272332.3173952, 1606272333.1048021, 1606272333.8891814, 1606272334.7210894, 1606272335.504037, 1606272338.5437133, 1606272339.331019, 1606272340.107599, 1606272340.8865051, 1606272341.670562, 1606272342.4531229, 1606272343.2366488, 1606272344.0674176, 1606272344.9000998, 1606272345.7099714, 1606272348.8719134, 1606272349.6730678, 1606272350.443449, 1606272351.1975112, 1606272351.9785194, 1606272352.7868092, 1606272353.5961027, 1606272354.384976, 1606272355.1867294, 1606272356.0013282, 1606272359.1725183, 1606272359.992366, 1606272360.7673748, 1606272361.5622652, 1606272362.4049041, 1606272363.2533724, 1606272364.0592546, 1606272364.847037, 1606272365.629809, 1606272366.4207606, 1606272369.5051165, 1606272370.4146318, 1606272371.2140634, 1606272372.009531, 1606272372.8768065, 1606272373.6809258, 1606272374.5010579, 1606272375.2861943, 1606272376.1067646, 1606272376.9062304, 1606272380.0567284, 1606272380.8623927, 1606272381.6675708, 1606272382.4694357, 1606272383.277062, 1606272384.1044412, 1606272385.0173564, 1606272385.8654249, 1606272386.6908603, 1606272387.5626295, 1606272390.7914133, 1606272391.6035056, 1606272392.418046, 1606272393.1845536, 1606272393.9726014, 1606272394.7635489, 1606272395.560568, 1606272396.3426468, 1606272397.20513, 1606272398.0848641, 1606272401.3516307, 1606272402.1451538, 1606272402.9428878, 1606272403.7503152, 1606272404.6670706, 1606272405.5379014, 1606272406.3308973, 1606272407.1237757, 1606272407.917514, 1606272408.7073638, 1606272411.8466654, 1606272412.7225833, 1606272413.5768304, 1606272414.41018, 1606272415.3729618, 1606272416.2281544, 1606272417.0516768, 1606272417.851982, 1606272418.6587036, 1606272419.4845457, 1606272422.6468425, 