{"initial_reset_timestamp": 1606272048.8615344, "timestamps": [1606272049.062297, 1606272049.2547815, 1606272049.4440162, 1606272049.62939, 1606272049.8064566, 1606272050.0263472, 1606272050.2219648, 1606272050.4201193, 1606272050.6092517, 1606272050.8018363, 1606272054.0983224, 1606272054.2771866, 1606272054.4662366, 1606272054.6655772, 1606272054.854031, 1606272055.0424309, 1606272055.2363827, 1606272055.4210563, 1606272055.6108844, 1606272055.786987, 1606272059.2082188, 1606272059.3880813, 1606272059.5773919, 1606272059.76816, 1606272059.9665425, 1606272060.15424, 1606272060.3651543, 1606272060.5421708, 1606272060.7399693, 1606272060.9344025, 1606272064.3603554, 1606272064.5524936, 1606272064.74018, 1606272064.9279594, 1606272065.1104276, 1606272065.303475, 1606272065.5311892, 1606272065.720566, 1606272065.9101608, 1606272066.092564, 1606272069.522538, 1606272069.748929, 1606272069.941944, 1606272070.124893, 1606272070.3221273, 1606272070.500675, 1606272070.6912277, 1606272070.8874323, 1606272071.0746775, 1606272071.2571213, 1606272074.6423244, 1606272074.826269, 1606272075.0156472, 1606272075.2016492, 1606272075.384164, 1606272075.563245, 1606272075.7534504, 1606272075.9324129, 1606272076.1161144, 1606272076.3071854, 1606272079.6830957, 1606272079.873341, 1606272080.057424, 1606272080.2342892, 1606272080.432693, 1606272080.619985, 1606272080.8087928, 1606272080.9920266, 1606272081.2198343, 1606272081.4167457, 1606272084.773783, 1606272084.9584727, 1606272085.1843362, 1606272085.3645082, 1606272085.55689, 1606272085.7484105, 1606272085.9300306, 1606272086.1121528, 1606272086.292857, 1606272086.474893, 1606272089.8916826, 1606272090.0896995, 1606272090.2876759, 1606272090.4914258, 1606272090.6937292, 1606272090.8797467, 1606272091.0606265, 1606272091.2375743, 1606272091.414072, 1606272091.5824456, 1606272094.910631, 1606272095.1008403, 1606272095.2921562, 1606272095.4804487, 1606272095.659436, 1606272095.837791, 1606272096.0147867, 1606272096.1969452, 1606272096.391676, 1606272096.6077933, 1606272099.9280827, 1606272100.11088, 1606272100.299864, 1606272100.4802482, 1606272100.719243, 1606272100.910454, 1606272101.0971942, 1606272101.2868164, 1606272101.478035, 1606272101.6695561, 1606272112.1892455, 1606272112.3762128, 1606272112.5562422, 1606272112.7385852, 1606272112.922088, 1606272113.1133542, 1606272113.3284492, 1606272113.5026188, 1606272113.703875, 1606272113.8894758, 1606272124.508359, 1606272124.6941264, 1606272124.8775032, 1606272125.0589345, 1606272125.241375, 1606272125.423896, 1606272125.6057887, 1606272125.7873075, 1606272125.9686472, 1606272126.1564903, 1606272137.3029153, 1606272137.4876955, 1606272137.6711178, 1606272137.8441849, 1606272138.0101657, 1606272138.2267923, 1606272138.393143, 1606272138.567999, 1606272138.745893, 1606272138.9240413, 1606272148.6460972, 1606272148.829948, 1606272149.0128212, 1606272149.1907468, 1606272149.364021, 1606272149.5538986, 1606272149.750614, 1606272149.9397113, 1606272150.1269538, 1606272150.3148623, 1606272160.056305, 1606272160.2306755, 1606272160.4174023, 1606272160.6068273, 1606272160.7925944, 1606272160.9795606, 1606272161.1657548, 1606272161.3596325, 1606272161.5510993, 1606272161.7504911, 1606272171.1606872, 1606272171.3421905, 1606272171.5207124, 1606272171.705048, 1606272171.8864682, 1606272172.0738366, 1606272172.2967408, 1606272172.4817557, 1606272172.6701453, 1606272172.8543544, 1606272182.5199897, 1606272182.694514, 1606272182.8677943, 1606272183.0408468, 1606272183.2165177, 1606272183.391829, 1606272183.5719938, 1606272183.7385864, 1606272183.9214077, 1606272184.1019442, 1606272193.842726, 1606272194.0212333, 1606272194.1998346, 1606272194.376906, 1606272194.557051, 1606272194.731504, 1606272194.903283, 1606272195.0777657, 1606272195.251968, 1606272195.4243174, 1606272204.4188445, 1606272204.5832844, 1606272204.7472775, 1606272204.9087074, 1606272205.0756457, 1606272205.2375154, 1606272205.397862, 1606272205.603626, 1606272205.771368, 1606272205.9362545, 1606272214.5151417, 1606272214.7231061, 1606272214.891687, 1606272215.0612292, 1606272215.2305326, 1606272215.3995955, 1606272215.5675557, 1606272215.7337732, 1606272215.8993795, 1606272216.0636942, 1606272224.5469193, 1606272224.7091851, 1606272224.8720248, 1606272225.0355523, 1606272225.1965122, 1606272225.3566208, 1606272225.5167756, 1606272225.676949, 1606272225.8404114, 1606272226.0060565, 1606272234.509542, 1606272234.6732965, 1606272234.8333833, 1606272234.9939172, 1606272235.1538572, 1606272235.3138416, 1606272235.4720526, 1606272235.632123, 1606272235.8333185, 1606272235.9934435, 1606272244.246728, 1606272244.4070263, 1606272244.5689163, 1606272244.7885182, 1606272244.9620945, 1606272245.128084, 1606272245.2902071, 1606272245.4571967, 1606272245.6246512, 1606272245.7911663, 1606272254.3751326, 1606272254.5432572, 1606272254.710071, 1606272254.8747137, 1606272255.0384917, 1606272255.201392, 1606272255.3638008, 1606272255.5278866, 1606272255.6915298, 1606272255.8536668, 1606272264.5278137, 1606272264.6853557, 1606272264.8454075, 1606272265.0032647, 1606272265.1723394, 1606272265.3372445, 1606272265.496009, 1606272265.6522696, 1606272265.8095155, 1606272265.966527, 1606272274.4159005, 1606272274.5849369, 1606272274.7532587, 1606272274.9181726, 1606272275.1228437, 1606272275.2915606, 1606272275.4573538, 1606272275.6259813, 1606272275.7916062, 1606272275.9624696, 1606272284.5356157, 1606272284.708159, 1606272284.8810287, 1606272285.0457973, 1606272285.2156224, 1606272285.3842463, 1606272285.553878, 1606272285.7271645, 1606272285.8895748, 1606272286.0559988, 1606272294.8740377, 1606272295.0447555, 1606272295.2153049, 1606272295.3854585, 1606272295.5565934, 1606272295.727016, 1606272295.897954, 1606272296.0680604, 1606272296.237591, 1606272296.408065, 1606272305.3160806, 1606272305.4888432, 1606272305.6619728, 1606272305.833871, 1606272306.0238492, 1606272306.2064662, 1606272306.3837416, 1606272306.5570214, 1606272306.7748604, 1606272306.9453857, 1606272315.716094, 1606272315.8844142, 1606272316.0526698, 1606272316.2690086, 1606272316.4370465, 1606272316.6038847, 1606272316.7842484, 1606272316.956035, 1606272317.1311553, 1606272317.3051238, 1606272326.1621826, 1606272326.3308523, 1606272326.514407, 1606272326.6871433, 1606272326.859363, 1606272327.0287278, 1606272327.1982207, 1606272327.372761, 1606272327.5398438, 1606272327.709215, 1606272336.3505902, 1606272336.518573, 1606272336.6864648, 1606272336.8546946, 1606272337.0222435, 1606272337.1897895, 1606272337.3565178, 1606272337.5226297, 1606272337.6892154, 1606272337.855605, 1606272346.568616, 1606272346.7432914, 1606272346.9175944, 1606272347.0913403, 1606272347.2674954, 1606272347.4452126, 1606272347.6218379, 1606272347.799144, 1606272347.9690363, 1606272348.189793, 1606272356.8468728, 1606272357.0161235, 1606272357.187628, 1606272357.3571467, 1606272357.578661, 1606272357.751644, 1606272357.9480314, 1606272358.1210008, 1606272358.3002312, 1606272358.4774928, 1606272367.261169, 1606272367.4771175, 1606272367.643632, 1606272367.8095415, 1606272367.9738905, 1606272368.1393118, 1606272368.305128, 1606272368.471461, 1606272368.6441333, 1606272368.808631, 1606272377.8409889, 1606272378.0046463, 1606272378.1669285, 1606272378.3377304, 1606272378.5013874, 1606272378.6650019, 1606272378.8272743, 1606272378.9877975, 1606272379.1479917, 1606272379.3079553, 1606272388.432532, 1606272388.6055887, 1606272388.7792373, 1606272388.958116, 1606272389.1333225, 1606272389.3069208, 1606272389.4813037, 1606272389.6589549, 1606272389.833949, 1606272390.0861166, 1606272398.9749737, 1606272399.167877, 1606272399.36544, 1606272399.5576417, 1606272399.739698, 1606272399.9261765, 1606272400.1463032, 1606272400.3172631, 1606272400.497712, 1606272400.6736295, 1606272409.5650623, 1606272409.7428126, 1606272409.962049, 1606272410.1301706, 1606272410.2987356, 1606272410.4661684, 1606272410.633878, 1606272410.8030548, 1606272410.9719963, 1606272411.1401348, 1606272420.3985739, 1606272420.5717196, 