{"initial_reset_timestamp": 1606260325.9617524, "timestamps": [1606260328.9132805, 1606260329.1035905, 1606260329.4345236, 1606260329.7396553, 1606260330.039399, 1606260330.3369625, 1606260332.5434303, 1606260332.8373191, 1606260333.132051, 1606260333.42241, 1606260333.6134245, 1606260333.8974268, 1606260334.1836426, 1606260334.4454741, 1606260338.226236, 1606260340.1344998, 1606260341.9181623, 1606260343.6042554, 1606260344.0452409, 1606260345.758686, 1606260347.440148, 1606260351.2839673, 1606260352.992082, 1606260354.8752658, 1606260356.5248682, 1606260358.2100816, 1606260360.0094945, 1606260361.771692, 1606260365.599013, 1606260367.383921, 1606260369.1308718, 1606260370.8747284, 1606260372.5050976, 1606260374.23873, 1606260378.0249953, 1606260379.684801, 1606260381.508553, 1606260383.2031417, 1606260384.9719481, 1606260386.5921462, 1606260388.2336123, 1606260392.063842, 1606260393.8051069, 1606260395.595657, 1606260397.2868886, 1606260399.0148177, 1606260400.7430494, 1606260402.4298978, 1606260406.2478228, 1606260408.0277011, 1606260409.7078278, 1606260411.396251, 1606260413.0086534, 1606260414.7949896, 1606260418.5000386, 1606260420.1832905, 1606260422.0218694, 1606260423.6975212, 1606260425.4148455, 1606260427.0614548, 1606260428.8465414, 1606260432.6234002, 1606260434.4128318, 1606260436.1779819, 1606260437.894961, 1606260439.6056132, 1606260441.310812, 1606260442.9820347, 1606260446.7584007, 1606260448.574702, 1606260450.2733386, 1606260452.0475786, 1606260453.7277837, 1606260455.4865813, 1606260459.1799142, 1606260460.949062, 1606260462.75816, 1606260464.3775554, 1606260466.0769327, 1606260467.7467172, 1606260469.5461214, 1606260473.2560644, 1606260475.015888, 1606260476.722763, 1606260478.3674598, 1606260480.0367458, 1606260481.7937703, 1606260483.531637, 1606260488.2088327, 1606260489.9764187, 1606260491.6298358, 1606260493.3523579, 1606260495.130235, 1606260496.8711545, 1606260501.9824004, 1606260503.7389653, 1606260505.4850628, 1606260507.1889582, 1606260509.028577, 1606260510.7614913, 1606260512.5595677, 1606260517.7070444, 1606260519.3709831, 1606260521.043107, 1606260522.8348684, 1606260524.4971452, 1606260526.3039339, 1606260527.9905705, 1606260533.1029067, 1606260534.8325675, 1606260536.592509, 1606260538.353714, 1606260540.2005346, 1606260541.8640845, 1606260546.8910196, 1606260548.6480865, 1606260550.355923, 1606260552.0937283, 1606260553.8626487, 1606260555.5913684, 1606260557.3905568, 1606260561.3972337, 1606260563.1373625, 1606260564.755697, 1606260566.5275345, 1606260568.1745102, 1606260569.9233239, 1606260571.6005492, 1606260577.2507129, 1606260579.0377462, 1606260580.7784832, 1606260582.514294, 1606260584.1948266, 1606260585.8797536, 1606260590.6510274, 1606260592.3471715, 1606260594.0513792, 1606260595.724204, 1606260597.465861, 1606260599.1841464, 1606260600.9665415, 1606260606.0743988, 1606260607.774167, 1606260609.5369139, 1606260611.2402809, 1606260612.9965656, 1606260614.8370156, 1606260616.5268247, 1606260621.206276, 1606260622.9161155, 1606260624.5250733, 1606260626.2740965, 1606260628.059361, 1606260629.8125226, 1606260634.638224, 1606260636.249916, 1606260637.977037, 1606260639.7808118, 1606260641.6194766, 1606260643.4792666, 1606260645.1928298, 1606260650.565802, 1606260652.3884442, 1606260654.2085228, 1606260656.0312974, 1606260657.7819667, 1606260659.4421418, 1606260660.9333498, 1606260665.155373, 1606260666.9768608, 1606260668.8002505, 1606260670.6301277, 1606260672.4242709, 1606260674.064246, 1606260678.180476, 1606260679.9774172, 1606260681.805531, 1606260683.654703, 1606260685.5038354, 1606260687.3199086, 1606260688.7151082, 1606260693.0805783, 1606260694.8777497, 1606260696.689094, 1606260698.4915035, 1606260700.3031178, 1606260702.032217, 1606260703.2557955, 1606260708.8438075, 1606260710.680998, 1606260712.5322034, 1606260714.370081, 1606260715.9936872, 1606260717.4208288, 1606260722.0815578, 1606260723.9069347, 1606260725.7413366, 1606260727.5674243, 1606260729.210776, 1606260730.625391, 1606260732.2478044, 1606260735.9251983, 1606260737.7607572, 1606260739.6000657, 1606260741.3333445, 1606260742.9832833, 1606260744.4927003, 1606260745.6607893, 1606260749.8967528, 1606260751.6714983, 1606260753.481249, 1606260755.1411858, 1606260756.8042772, 1606260758.5231917, 1606260760.161416, 1606260765.4129353, 1606260767.1369452, 1606260768.7861614, 1606260770.462439, 1606260772.2504387, 1606260773.969909, 1606260777.5056958, 1606260779.1421576, 1606260780.6623135, 1606260782.2574983, 1606260783.9888177, 1606260785.8231375, 1606260787.6690042, 1606260792.0370378, 1606260793.6145535, 1606260795.051612, 1606260796.7056563, 1606260798.5065439, 1606260800.3506432, 1606260802.1766684, 1606260807.2853713, 1606260808.6447804, 1606260810.1967857, 1606260812.0253067, 1606260813.8602664, 1606260815.7066038, 1606260821.273397, 1606260822.6895604, 1606260824.3516185, 1606260826.1563094, 1606260827.99865, 1606260829.827106, 1606260831.6570518, 1606260836.1249924, 1606260837.7463553, 1606260839.4320962, 1606260841.266003, 1606260843.0882158, 1606260844.9157279, 1606260846.7494702, 1606260852.067554, 1606260853.7124813, 1606260855.4917166, 1606260857.3261876, 1606260859.1546202, 1606260860.830355, 1606260866.173109, 1606260867.8396196, 1606260869.491034, 1606260871.3216574, 1606260873.0720818, 1606260874.6899843, 1606260876.2839675, 1606260881.6789656, 1606260883.3535106, 1606260885.1495285, 1606260886.8741298, 1606260888.5066304, 1606260890.070913, 1606260891.7985542, 1606260897.25784, 1606260898.8941228, 1606260900.5028515, 1606260902.0607908, 1606260903.614182, 1606260905.363772, 1606260910.266575, 1606260911.9200795, 1606260913.440148, 1606260915.008444, 1606260916.6040962, 1606260918.2472882, 1606260920.0313628, 1606260924.0649762, 1606260925.8422525, 1606260927.350052, 1606260928.7062, 1606260930.3831367, 1606260932.0714657, 1606260933.9261937, 1606260939.6284404, 1606260941.2395804, 1606260942.6407785, 1606260944.1363692, 1606260945.8322325, 1606260947.607942, 1606260953.4612594, 1606260954.9490316, 1606260956.249894, 1606260957.53926, 1606260958.713871, 1606260959.9312925, 1606260961.2889497, 1606260965.8822417, 1606260967.0161178, 1606260968.0630014, 1606260969.0161464, 1606260970.0570052, 1606260971.1867537, 1606260972.319751, 1606260976.256999, 1606260977.2597494, 1606260978.209606, 1606260979.1417592, 1606260980.2368896, 1606260981.3641403, 1606260984.1479309, 1606260985.2762225, 1606260986.416506, 1606260987.3879497, 1606260988.320971, 1606260989.2419024, 1606260990.1657152, 1606260992.6034708, 1606260993.5283184, 1606260994.4516146, 1606260995.3580992, 1606260996.2632804, 1606260997.1765497, 1606260998.034691],