{"initial_reset_timestamp": 1606264793.366451, "timestamps": [1606264796.0018396, 1606264796.1911864, 1606264796.5156975, 1606264796.8179324, 1606264797.113423, 1606264797.4043026, 1606264799.3665438, 1606264799.655272, 1606264799.944605, 1606264800.2310123, 1606264800.4567726, 1606264800.7483363, 1606264801.0597582, 1606264803.23493, 1606264804.0966146, 1606264805.1909685, 1606264806.416097, 1606264807.6948328, 1606264808.9956875, 1606264810.3874545, 1606264813.5593345, 1606264814.8382208, 1606264816.139238, 1606264817.503065, 1606264818.6219447, 1606264819.8902628, 1606264821.2629204, 1606264824.4645007, 1606264825.6925836, 1606264826.9947422, 1606264828.3231046, 1606264829.5006936, 1606264830.8447576, 1606264833.9924839, 1606264835.2675066, 1606264836.456668, 1606264837.811902, 1606264839.038112, 1606264840.245452, 1606264841.6096396, 1606264844.785889, 1606264845.9886725, 1606264847.1811213, 1606264848.5551908, 1606264849.7755692, 1606264851.037162, 1606264852.4202769, 1606264855.4792676, 1606264856.628155, 1606264857.9305189, 1606264859.2866237, 1606264860.4851472, 1606264861.7478404, 1606264864.9742603, 1606264866.1859202, 1606264867.3619497, 1606264868.7283869, 1606264870.0465994, 1606264871.2784405, 1606264872.6475005, 1606264875.815324, 1606264877.0198772, 1606264878.3161755, 1606264879.680226, 1606264880.877155, 1606264882.19189, 1606264883.5584795, 1606264886.0917382, 1606264887.2415738, 1606264888.514198, 1606264889.8827398, 1606264891.131297, 1606264892.3610072, 1606264893.725242, 1606264897.2074192, 1606264898.4556615, 1606264899.80191, 1606264901.0497525, 1606264902.2396584, 1606264903.5937915, 1606264904.9542062, 1606264909.2108567, 1606264910.5847056, 1606264911.794926, 1606264913.0628467, 1606264914.4296446, 1606264915.7930107, 1606264919.3867583, 1606264920.7673793, 1606264921.924533, 1606264923.139271, 1606264924.5012147, 1606264925.8658955, 1606264927.2317085, 1606264930.4172523, 1606264931.7681558, 1606264932.9510014, 1606264934.2695441, 1606264935.625149, 1606264936.9783022, 1606264938.3323264, 1606264941.4349732, 1606264942.7030995, 1606264943.9533243, 1606264945.312749, 1606264946.678379, 1606264948.0461602, 1606264952.151905, 1606264953.371099, 1606264954.7055073, 1606264956.0542521, 1606264957.3984075, 1606264958.7444797, 1606264959.9649556, 1606264963.1815155, 1606264964.4613295, 1606264965.7776716, 1606264967.0966768, 1606264968.4180632, 1606264969.7374985, 1606264971.0508215, 1606264974.9609666, 1606264976.279208, 1606264977.6428769, 1606264978.9849057, 1606264980.3793886, 1606264981.7323868, 1606264985.8169188, 1606264987.1796916, 1606264988.5400472, 1606264989.8936887, 1606264991.234591, 1606264992.601726, 1606264993.7818115, 1606264997.5659676, 1606264998.9046388, 1606265000.2291765, 1606265001.569467, 1606265002.9156344, 1606265004.0993936, 1606265005.2343333, 1606265009.21745, 1606265010.6222122, 1606265012.0020607, 1606265013.3723752, 1606265014.6739724, 1606265015.8595314, 1606265019.9105883, 1606265021.2875848, 1606265022.6502988, 1606265024.0177758, 1606265025.1955469, 1606265026.333487, 1606265027.504365, 1606265031.5538604, 1606265032.9378302, 1606265034.306695, 1606265035.6245186, 1606265036.7867339, 1606265038.059475, 1606265039.4155986, 1606265043.538599, 1606265044.8937669, 1606265046.1842248, 1606265047.3319228, 1606265048.53575, 1606265049.8181596, 1606265053.7268178, 1606265055.094357, 1606265056.453632, 1606265057.7035084, 1606265058.8795116, 1606265060.0097976, 1606265061.203804, 1606265065.2673686, 1606265066.616331, 1606265067.9643908, 1606265069.1825109, 1606265070.291494, 1606265071.3804295, 1606265072.6983504, 1606265076.868718, 1606265078.2585778, 1606265079.6137848, 1606265080.751994, 1606265081.7919364, 1606265083.0764015, 1606265087.7574825, 1606265089.1096773, 1606265090.4663455, 1606265091.554052, 1606265092.6080577, 1606265093.7268229, 1606265095.0146043, 1606265099.3072019, 1606265100.6456337, 1606265101.7918239, 1606265102.8494868, 1606265104.010482, 1606265105.231411, 1606265106.5661795, 1606265110.790553, 1606265111.9299076, 1606265113.1213453, 1606265114.2447865, 1606265115.3917086, 1606265116.613913, 1606265120.9331257, 1606265122.0911553, 1606265123.3756602, 1606265124.7041562, 1606265125.8690338, 1606265127.113009, 1606265128.4562602, 1606265132.5613215, 1606265133.8654902, 1606265135.1926696, 1606265136.3119931, 1606265137.4507966, 1606265138.608196, 1606265139.9464185, 1606265144.0034504, 1606265145.3433414, 1606265146.6815748, 1606265147.834178, 1606265148.9916155, 1606265150.1486173, 1606265154.4950273, 1606265155.8382401, 1606265157.2046971, 1606265158.5837111, 1606265159.8112886, 1606265161.0385938, 1606265162.1785512, 1606265166.5704756, 1606265167.9481668, 1606265169.323067, 1606265170.6961796, 1606265171.8892026, 1606265173.0314434, 1606265174.3088613, 1606265178.3823974, 1606265179.768804, 1606265181.0929852, 1606265182.2565587, 1606265183.3529227, 1606265184.6047328, 1606265189.126857, 1606265190.5057175, 1606265191.8013003, 1606265192.9067283, 1606265193.9576766, 1606265195.2109923, 1606265196.5613494, 1606265200.9256988, 1606265202.3181412, 1606265203.594158, 1606265204.616974, 1606265205.7860045, 1606265207.0301363, 1606265208.4495745, 1606265212.729184, 1606265213.951567, 1606265215.148366, 1606265216.1490378, 1606265217.2289538, 1606265218.5604086, 1606265222.8813496, 1606265224.222066, 1606265225.571809, 1606265226.5689747, 1606265227.5941222, 1606265228.666444, 1606265230.0117571, 1606265234.2946684, 1606265235.7166862, 1606265237.079884, 1606265238.0845225, 1606265239.0457275, 1606265240.155566, 1606265241.343171, 1606265245.6321511, 1606265246.9553812, 1606265248.2223687, 1606265249.4442267, 1606265250.4630778, 1606265251.4343867, 1606265255.3171728, 1606265256.6495562, 1606265258.0081556, 1606265259.3733664, 1606265260.5857594, 1606265261.6065776, 1606265262.6038349, 1606265266.5903342, 1606265267.9504478, 1606265269.3098729, 1606265270.6783905, 1606265271.9345548, 1606265272.9925454, 1606265273.9943213, 1606265277.5187008, 1606265278.8553543, 1606265280.183481, 1606265281.582913, 1606265282.9526062, 1606265284.0600672, 1606265288.0187566, 1606265289.3861158, 1606265290.751963, 1606265292.1222403, 1606265293.4843016, 1606265294.7380426, 1606265295.7480283, 1606265299.9256606, 1606265301.2515697, 1606265302.5983052, 1606265303.956955, 1606265305.2202601, 1606265306.392057, 1606265307.497781, 1606265311.6535912, 1606265313.0193322, 1606265314.4291286, 1606265315.6138813, 1606265316.8172016, 1606265317.89985, 1606265321.4532902, 1606265322.5833526, 1606265323.7117682, 1606265324.8722177, 1606265325.9999743, 1606265327.10569, 1606265328.207893],