{"initial_reset_timestamp": 1606260324.518904, "timestamps": [1606260327.4318624, 1606260327.6422405, 1606260327.9962442, 1606260328.3088422, 1606260328.4855857, 1606260328.7812319, 1606260329.0082808, 1606260331.1046426, 1606260331.4015045, 1606260331.6941884, 1606260331.9862342, 1606260332.2764015, 1606260332.5680466, 1606260332.8569934, 1606260336.1597383, 1606260337.8515463, 1606260339.667826, 1606260341.4721608, 1606260343.148756, 1606260344.8512, 1606260348.7396572, 1606260350.5087392, 1606260352.1770253, 1606260353.9536707, 1606260355.672586, 1606260357.3674934, 1606260359.0740488, 1606260362.985368, 1606260364.6845775, 1606260366.363169, 1606260368.215971, 1606260369.869371, 1606260371.5858552, 1606260373.3297763, 1606260377.1585746, 1606260378.8426483, 1606260380.584775, 1606260382.3644567, 1606260384.0758588, 1606260385.761828, 1606260389.7173345, 1606260391.448902, 1606260392.7839572, 1606260394.5984805, 1606260396.3368814, 1606260398.1021852, 1606260399.7937086, 1606260403.6446915, 1606260405.340586, 1606260407.0352464, 1606260408.8543665, 1606260410.516026, 1606260412.2029884, 1606260413.941079, 1606260417.8370306, 1606260419.4738479, 1606260421.2412298, 1606260422.9728029, 1606260424.7516475, 1606260426.4443576, 1606260428.2448924, 1606260432.1216958, 1606260433.8156662, 1606260435.6526325, 1606260437.3094482, 1606260439.0563755, 1606260440.7635095, 1606260444.5658839, 1606260446.2287498, 1606260448.0024714, 1606260449.7488098, 1606260451.4762497, 1606260453.1899157, 1606260454.9640315, 1606260458.7458494, 1606260460.4010544, 1606260462.2096384, 1606260463.8724747, 1606260465.6627133, 1606260467.3276546, 1606260469.1527297, 1606260472.90645, 1606260474.5972795, 1606260476.3598704, 1606260478.011237, 1606260479.7164035, 1606260481.459792, 1606260485.3907747, 1606260486.9143353, 1606260488.695132, 1606260490.4174287, 1606260492.1066906, 1606260493.7495685, 1606260495.506553, 1606260499.2701633, 1606260500.7246635, 1606260502.372574, 1606260504.0382824, 1606260505.7495308, 1606260507.40908, 1606260509.2405038, 1606260513.1696672, 1606260514.6621583, 1606260516.2892249, 1606260517.9120455, 1606260519.6202788, 1606260521.364418, 1606260525.2745924, 1606260527.0482352, 1606260528.6657574, 1606260530.2896545, 1606260531.797955, 1606260533.426426, 1606260535.2214103, 1606260539.176148, 1606260540.9049833, 1606260542.6435354, 1606260544.251286, 1606260545.7679102, 1606260547.3545158, 1606260549.1797378, 1606260553.0543635, 1606260554.7313535, 1606260556.5104349, 1606260558.2155435, 1606260559.7062461, 1606260561.4016657, 1606260565.3852167, 1606260567.1937532, 1606260568.8659835, 1606260570.6560726, 1606260572.275962, 1606260573.7565904, 1606260575.2275774, 1606260579.1883166, 1606260580.9215565, 1606260582.6651828, 1606260584.3883936, 1606260586.1308506, 1606260587.805055, 1606260589.3880448, 1606260593.6201532, 1606260595.2401917, 1606260596.9755912, 1606260598.587434, 1606260600.3751373, 1606260602.004108, 1606260605.5812619, 1606260607.2926302, 1606260609.0159004, 1606260610.7501936, 1606260612.4775808, 1606260614.319101, 1606260616.0553553, 1606260620.9043534, 1606260622.7142367, 1606260624.39513, 1606260626.1723678, 1606260628.030158, 1606260629.8370264, 1606260631.389206, 1606260636.21376, 1606260637.981221, 1606260639.8228254, 1606260641.659536, 1606260643.5277548, 1606260645.235752, 1606260649.2225428, 1606260650.9285223, 1606260652.7679625, 1606260654.5935621, 1606260656.4167373, 1606260658.1411693, 1606260659.8195891, 1606260663.828671, 1606260665.7100742, 1606260667.5334206, 1606260669.3776562, 1606260671.2109406, 1606260672.9487026, 1606260674.5303223, 1606260677.9196305, 1606260679.7049751, 1606260681.532364, 1606260683.3890324, 1606260685.2299144, 1606260687.071479, 1606260690.3439987, 1606260691.9729247, 1606260693.8043616, 1606260695.6437478, 1606260697.4671001, 1606260699.298515, 1606260701.0816507, 1606260704.9338703, 1606260706.4388475, 1606260708.1658857, 1606260710.0003352, 1606260711.858669, 1606260713.707636, 1606260715.4207757, 1606260718.973843, 1606260720.4788258, 1606260722.2460186, 1606260724.135916, 1606260726.007038, 1606260727.84557, 1606260732.4232514, 1606260733.9665728, 1606260735.5475461, 1606260737.3848164, 1606260739.2500553, 1606260741.0302153, 1606260742.743244, 1606260747.8195145, 1606260749.392528, 1606260751.1157568, 1606260752.9125283, 1606260754.6262608, 1606260756.3142393, 1606260758.0528045, 1606260763.3720915, 1606260764.9907548, 1606260766.7518494, 1606260768.4317381, 1606260770.1124346, 1606260771.9256225, 1606260777.2728078, 1606260778.9093065, 1606260780.4234416, 1606260782.0418777, 1606260783.7530634, 1606260785.6094577, 1606260787.4510689, 1606260793.0243435, 1606260794.517918, 1606260796.0535874, 1606260797.876597, 1606260799.7084415, 1606260801.526973, 1606260803.2211185, 1606260808.050833, 1606260809.497018, 1606260811.2256818, 1606260813.06804, 1606260814.9005213, 1606260816.7389994, 1606260821.856166, 1606260823.4457474, 1606260825.1533835, 1606260827.0002782, 1606260828.850098, 1606260830.7000449, 1606260832.5297408, 1606260836.4398446, 1606260838.0916123, 1606260839.8267386, 1606260841.6645753, 1606260843.4946713, 1606260845.3584015, 1606260847.0849507, 1606260850.8754158, 1606260852.5368302, 1606260854.2064605, 1606260856.0725083, 1606260857.9477427, 1606260859.774364, 1606260864.2511322, 1606260865.9044054, 1606260867.5712137, 1606260869.261407, 1606260871.1164258, 1606260872.9045436, 1606260874.5473223, 1606260878.2938683, 1606260879.96704, 1606260881.6290622, 1606260883.3129864, 1606260885.1094475, 1606260886.8416018, 1606260888.4818256, 1606260892.8244889, 1606260894.5048146, 1606260896.101032, 1606260897.755493, 1606260899.42675, 1606260901.0164921, 1606260905.3311238, 1606260907.1290317, 1606260908.8226273, 1606260910.4881554, 1606260912.1329515, 1606260913.6485932, 1606260915.2662096, 1606260920.0135226, 1606260921.7615829, 1606260923.5460176, 1606260925.3532283, 1606260926.9050224, 1606260928.26618, 1606260929.8954334, 1606260933.9324481, 1606260935.614158, 1606260937.3241541, 1606260939.1376712, 1606260940.8675692, 1606260942.219511, 1606260946.9484966, 1606260948.7936614, 1606260950.4879115, 1606260952.1840534, 1606260953.8482757, 1606260955.3013928, 1606260956.568373, 1606260960.4397843, 1606260961.81457, 1606260962.9759858, 1606260964.2002435, 1606260965.2289917, 1606260966.365496, 1606260967.5157309, 1606260970.594528, 1606260971.7342176, 1606260972.789308, 1606260973.7666292, 1606260974.7616496, 1606260975.8579965, 1606260979.5606902, 1606260980.6955132, 1606260981.8400078, 1606260982.8703644, 1606260983.8861725, 1606260985.0365016, 1606260986.1851344],