{"initial_reset_timestamp": 1606272382.565009, "timestamps": [1606272386.0074346, 1606272386.1566937, 1606272386.3925707, 1606272386.6833787, 1606272386.9716866, 1606272387.2498739, 1606272387.529428, 1606272387.806924, 1606272388.0813599, 1606272388.3471847, 1606272390.9755476, 1606272391.2377222, 1606272391.5001419, 1606272391.7626424, 1606272392.0239024, 1606272392.2872293, 1606272392.550295, 1606272392.8102984, 1606272393.0693274, 1606272393.3622978, 1606272395.9919207, 1606272396.2538445, 1606272396.5153134, 1606272396.8066223, 1606272397.0615501, 1606272397.316892, 1606272397.5726159, 1606272397.8271217, 1606272398.0829732, 1606272398.3398163, 1606272400.9193847, 1606272401.1722593, 1606272401.4272032, 1606272401.6817458, 1606272401.9370255, 1606272402.1924665, 1606272402.4450412, 1606272402.69872, 1606272402.9576807, 1606272403.214987, 1606272405.847129, 1606272406.1051722, 1606272406.363776, 1606272406.624122, 1606272406.8810213, 1606272407.1409628, 1606272407.3981175, 1606272407.6571455, 1606272407.916867, 1606272408.1732259, 1606272410.6939402, 1606272410.9472132, 1606272411.2048945, 1606272411.4630704, 1606272411.7549882, 1606272412.0118067, 1606272412.2676141, 1606272412.525201, 1606272412.782561, 1606272413.040566, 1606272415.691803, 1606272415.95033, 1606272416.2100737, 1606272416.4686239, 1606272416.7254033, 1606272416.9846518, 1606272417.2427256, 1606272417.5004196, 1606272417.759187, 1606272418.0164092, 1606272420.5874841, 1606272420.8456614, 1606272421.103964, 1606272421.3606706, 1606272421.6171937, 1606272421.8728995, 1606272422.130304, 1606272422.3897512, 1606272422.6480417, 1606272422.9049563, 1606272425.5353174, 1606272425.7919526, 1606272426.0522144, 1606272426.3122797, 1606272426.5713196, 1606272426.865077, 1606272427.1222596, 1606272427.381527, 1606272427.640816, 1606272427.9001095, 1606272430.5137627, 1606272430.7704382, 1606272431.0274196, 1606272431.2852273, 1606272431.5413148, 1606272431.8009276, 1606272432.0605447, 1606272432.3190854, 1606272432.57799, 1606272432.836556, 1606272436.0808017, 1606272436.9596639, 1606272437.8530807, 1606272438.7335012, 1606272439.6238554, 1606272440.5407617, 1606272441.385719, 1606272442.2016997, 1606272443.0235534, 1606272443.8785548, 1606272447.0959697, 1606272447.9811876, 1606272448.8216517, 1606272449.6774943, 1606272450.5419016, 1606272451.4105089, 1606272452.300696, 1606272453.112259, 1606272453.8880837, 1606272454.6688366, 1606272457.730672, 1606272458.5981183, 1606272459.4008546, 1606272460.2012892, 1606272461.119637, 1606272461.9934168, 1606272462.892827, 1606272463.655504, 1606272464.4418724, 1606272465.262814, 1606272468.4689324, 1606272469.3161364, 1606272470.1717362, 1606272471.0446935, 1606272471.8926034, 1606272472.7488759, 1606272473.5871456, 1606272474.3423822, 1606272475.1140883, 1606272475.9033067, 1606272479.1137178, 1606272479.963203, 1606272480.8262033, 1606272481.6663969, 1606272482.5493815, 1606272483.4081502, 1606272484.2429495, 1606272485.0180402, 1606272485.8586588, 1606272486.6418939, 1606272489.7925797, 1606272490.6682262, 1606272491.5918522, 1606272492.4486458, 1606272493.3232071, 1606272494.186193, 1606272495.0346477, 1606272495.8036277, 1606272496.5481615, 1606272497.308229, 1606272500.54444, 1606272501.4531953, 1606272502.3181078, 1606272503.2064698, 1606272504.019401, 1606272504.8489888, 1606272505.6819568, 1606272506.5338776, 1606272507.2601314, 1606272508.01559, 1606272511.2973788, 1606272512.1389523, 1606272512.9748635, 1606272513.8385794, 1606272514.7440464, 1606272515.613194, 1606272516.4937203, 1606272517.3898635, 1606272518.225519, 1606272519.1128232, 1606272522.3304584, 1606272523.2087064, 1606272524.0857146, 1606272524.9792755, 1606272525.915524, 1606272526.8145974, 1606272527.7042499, 1606272528.5884693, 1606272529.417165, 1606272530.186566, 1606272533.1985013, 1606272534.0276697, 1606272534.8893096, 1606272535.6945045, 1606272536.489157, 1606272537.2872682, 1606272538.0775938, 1606272538.8798034, 1606272539.696348, 1606272540.5063875, 1606272543.601732, 1606272544.3948555, 1606272545.2102067, 1606272546.0295527, 1606272546.8172436, 1606272547.603511, 1606272548.39433, 1606272549.1818023, 1606272549.998452, 1606272550.8133957, 1606272553.8841112, 1606272554.6835947, 1606272555.507363, 1606272556.3211834, 1606272557.1417403, 1606272558.0261004, 1606272558.8219106, 1606272559.7079344, 1606272560.5552442, 1606272561.3638637, 1606272564.4460616, 1606272565.2921164, 1606272566.096797, 1606272566.88125, 1606272567.6632614, 1606272568.4464085, 1606272569.2290797, 1606272570.0360904, 1606272570.8411956, 1606272571.6355348, 1606272574.7707188, 1606272575.5740395, 1606272576.3708584, 1606272577.1628978, 1606272577.9493132, 1606272578.7338228, 1606272579.5237274, 1606272580.337837, 1606272581.1417263, 1606272581.9253302, 1606272585.0771065, 1606272585.9036362, 1606272586.8249042, 1606272587.713551, 1606272588.5756955, 1606272589.4353275, 1606272590.3820891, 1606272591.2465472, 1606272592.151121, 1606272593.009808, 1606272596.086439, 1606272596.8863454, 1606272597.733498, 1606272598.576395, 1606272599.4419572, 1606272600.3127797, 1606272601.1608753, 1606272602.0093243, 1606272602.8426058, 1606272603.6891894, 1606272606.7336404, 1606272607.5148804, 1606272608.396896, 1606272609.246285, 1606272610.101569, 1606272610.9650552, 1606272611.7715254, 1606272612.5996268, 1606272613.4445822, 1606272614.3687453, 1606272617.4762151, 1606272618.2851388, 1606272619.1529596, 1606272620.006854, 1606272620.86975, 1606272621.7537165, 1606272622.5959175, 1606272623.4865541, 1606272624.3879766, 1606272625.237313, 1606272628.1823604, 1606272628.9261317, 1606272629.7686408, 1606272630.65167, 1606272631.5038223, 1606272632.3641963, 1606272633.1987677, 1606272634.013227, 1606272634.8577895, 1606272635.7081254, 1606272638.78108, 1606272639.5538247, 1606272640.3387122, 1606272641.190399, 1606272642.0312035, 1606272642.8739789, 1606272643.7113352, 1606272644.5490086, 1606272645.4565, 1606272646.311963, 1606272649.5474558, 1606272650.381317, 1606272651.2446184, 1606272652.115325, 1606272652.9828558, 1606272653.865492, 1606272654.7475572, 1606272655.623351, 1606272656.5029125, 1606272657.3843825, 1606272660.6108148, 1606272661.4019387, 1606272662.2365735, 1606272663.121581, 1606272663.9892118, 1606272664.9544117, 1606272665.8623533, 1606272666.722093, 1606272667.5742416, 1606272668.4228787, 1606272671.5565422, 1606272672.3661747, 1606272673.2255812, 1606272674.0761247, 1606272674.9947987, 1606272675.8905165, 1606272676.8160005, 1606272677.657246, 1606272678.4760122, 1606272679.3415875, 1606272682.5534294, 1606272683.3741646, 1606272684.251335, 1606272685.1323314, 1606272686.0791702, 1606272687.00877, 1606272687.9374847, 1606272688.7779956, 1606272689.6767673, 1606272690.548146, 1606272693.8416398, 1606272694.6411862, 1606272695.5043662, 1606272696.3479059, 1606272697.2108562, 1606272698.0883698, 1606272699.0259035, 1606272699.9722922, 1606272700.8625968, 1606272701.8142571, 1606272705.0495732, 1606272705.939172, 1606272706.8336136, 1606272707.6847641, 1606272708.5962994, 1606272709.482576, 1606272710.3305385, 1606272711.2828526, 1606272712.1416657, 1606272713.0427883, 1606272716.1652393, 1606272717.0467172, 1606272718.0101905, 1606272718.8749352, 1606272719.7782795, 1606272720.6305554, 1606272721.4744046, 1606272722.3657403, 1606272723.2369146, 1606272724.123171, 1606272727.2718863, 1606272728.0937579, 1606272728.9649687, 1606272729.8612664, 1606272730.8502505, 1606272731.8519735, 1606272732.8479831, 1606272733.8410325, 1606272734.8439643, 1606272735.8581622, 1606272739.2410338, 1606272740.0571823, 1606272740.932259, 1606272741.866149, 1606272742.9068916, 1606272743.909939, 1606272744.908105, 1606272745.9478972, 1606272746.9578516, 1606272747.9753027, 1606272751.3513584, 1606272752.1966715, 1606272753.1046941, 1606272754.076179, 1606272755.0524907, 1606272756.112744, 1606272757.1877527, 1606272758.1374652, 1606272759.111237, 1606272760.0528445, 1606272763.3807666, 1606272764.1836455, 