{"initial_reset_timestamp": 1606272384.1509929, "timestamps": [1606272384.3306093, 1606272384.5202086, 1606272384.703653, 1606272384.8923788, 1606272385.0687027, 1606272385.2775393, 1606272385.4530718, 1606272385.63025, 1606272385.8066292, 1606272385.9741752, 1606272389.2479806, 1606272389.4195344, 1606272389.5890722, 1606272389.758491, 1606272389.9272227, 1606272390.1116977, 1606272390.2945483, 1606272390.47853, 1606272390.662351, 1606272390.8321185, 1606272394.2047248, 1606272394.3887196, 1606272394.5756707, 1606272394.7583861, 1606272394.9412436, 1606272395.1274753, 1606272395.312253, 1606272395.4965174, 1606272395.6654146, 1606272395.8523583, 1606272399.1752858, 1606272399.3639715, 1606272399.5456617, 1606272399.725349, 1606272399.9006178, 1606272400.064719, 1606272400.2649796, 1606272400.434747, 1606272400.605272, 1606272400.7854536, 1606272404.0503514, 1606272404.2662942, 1606272404.4481912, 1606272404.6291986, 1606272404.8013308, 1606272404.9837108, 1606272405.166951, 1606272405.350144, 1606272405.5314574, 1606272405.7101173, 1606272409.0305524, 1606272409.199733, 1606272409.3651893, 1606272409.5442877, 1606272409.7235234, 1606272409.891458, 1606272410.0582879, 1606272410.2264886, 1606272410.3920054, 1606272410.5576892, 1606272413.8812575, 1606272414.0649543, 1606272414.2483408, 1606272414.4267573, 1606272414.6098094, 1606272414.7912855, 1606272414.9732933, 1606272415.1558492, 1606272415.3729239, 1606272415.55455, 1606272418.854662, 1606272419.038097, 1606272419.2558525, 1606272419.438508, 1606272419.6057787, 1606272419.7740214, 1606272419.9419334, 1606272420.1100345, 1606272420.279705, 1606272420.4489415, 1606272423.77602, 1606272423.9601643, 1606272424.1479776, 1606272424.3234575, 1606272424.5077598, 1606272424.6882505, 1606272424.8702693, 1606272425.0506363, 1606272425.2167048, 1606272425.3969996, 1606272428.7495406, 1606272428.935057, 1606272429.1140778, 1606272429.2810545, 1606272429.4587424, 1606272429.6372726, 1606272429.8144858, 1606272429.996606, 1606272430.2048247, 1606272430.3763938, 1606272433.6736865, 1606272433.8557334, 1606272434.0221167, 1606272434.242205, 1606272434.4242828, 1606272434.614451, 1606272434.7863743, 1606272434.9662354, 1606272435.1476989, 1606272435.3326561, 1606272444.7720685, 1606272444.9484248, 1606272445.126206, 1606272445.3005626, 1606272445.4769154, 1606272445.6618123, 1606272445.8378294, 1606272446.012676, 1606272446.1806722, 1606272446.3636625, 1606272455.4814484, 1606272455.6472094, 1606272455.8118887, 1606272455.9764473, 1606272456.1391888, 1606272456.3122606, 1606272456.4827404, 1606272456.6543994, 1606272456.8250222, 1606272457.0010796, 1606272466.0707006, 1606272466.245164, 1606272466.41914, 1606272466.5925465, 1606272466.8084097, 1606272466.9886627, 1606272467.1665974, 1606272467.3508952, 1606272467.535949, 1606272467.7027388, 1606272476.7667327, 1606272476.931278, 1606272477.11253, 1606272477.29328, 1606272477.4745502, 1606272477.648193, 1606272477.8285723, 1606272478.009598, 1606272478.1913075, 1606272478.3760333, 1606272487.468432, 1606272487.636366, 1606272487.8158762, 1606272487.9938686, 1606272488.1780188, 1606272488.3587437, 1606272488.535105, 1606272488.710515, 1606272488.888153, 1606272489.0642037, 1606272498.1566405, 1606272498.3367193, 1606272498.5002546, 1606272498.6771944, 1606272498.8544087, 1606272499.0325434, 1606272499.248477, 1606272499.410345, 1606272499.594824, 1606272499.7748125, 1606272508.8941398, 1606272509.087016, 1606272509.2739613, 1606272509.460612, 1606272509.6482162, 1606272509.8175328, 1606272510.001681, 1606272510.187163, 1606272510.3705332, 1606272510.5530097, 1606272519.9756513, 1606272520.1466265, 1606272520.3188171, 1606272520.4895675, 1606272520.662044, 1606272520.833103, 1606272520.996598, 1606272521.174739, 1606272521.3558748, 1606272521.5366912, 1606272530.9908154, 1606272531.1530418, 1606272531.3150263, 1606272531.4817977, 1606272531.6491027, 1606272531.8222, 1606272531.9901068, 1606272532.1966205, 1606272532.363911, 1606272532.528373, 1606272541.3536353, 1606272541.5668788, 1606272541.736598, 1606272541.9060092, 1606272542.080962, 1606272542.2531273, 1606272542.4237545, 1606272542.5922606, 1606272542.7614048, 1606272542.9328125, 1606272551.691834, 1606272551.85603, 1606272552.023069, 1606272552.188521, 1606272552.3543491, 1606272552.5178604, 1606272552.6837215, 1606272552.8524904, 1606272553.0232267, 1606272553.1901882, 1606272562.2061946, 1606272562.3693225, 1606272562.5357876, 1606272562.7018461, 1606272562.8666787, 1606272563.0343385, 1606272563.2014403, 1606272563.3664484, 1606272563.5742264, 1606272563.7399714, 1606272572.4966493, 1606272572.6679347, 1606272572.8801482, 1606272573.0506876, 1606272573.2216196, 1606272573.390696, 1606272573.5606668, 1606272573.7319632, 1606272573.9014583, 1606272574.0711398, 1606272582.8108592, 1606272582.9800599, 1606272583.1493645, 1606272583.318573, 1606272583.488243, 1606272583.6567798, 1606272583.8253977, 1606272583.9945972, 1606272584.163376, 1606272584.3307028, 1606272593.8500814, 1606272594.0214424, 1606272594.1935923, 1606272594.3670092, 1606272594.5418425, 1606272594.7146745, 1606272594.8790784, 1606272595.046027, 1606272595.2128794, 1606272595.426076, 1606272604.5204663, 1606272604.6872654, 1606272604.850442, 1606272605.022064, 1606272605.2350104, 1606272605.4070456, 1606272605.5717432, 1606272605.7357285, 1606272605.8997784, 1606272606.0621216, 1606272615.2657218, 1606272615.4328752, 1606272615.6148756, 1606272615.79212, 1606272615.9708173, 1606272616.1447165, 1606272616.3137581, 1606272616.4840167, 1606272616.6564786, 1606272616.820975, 1606272626.0610414, 1606272626.2325594, 1606272626.395921, 1606272626.5673692, 1606272626.7387576, 1606272626.913381, 1606272627.0845265, 1606272627.2524397, 1606272627.4159458, 1606272627.5782626, 1606272636.5437453, 1606272636.7167675, 1606272636.8893132, 1606272637.0631564, 1606272637.2306752, 1606272637.4034815, 1606272637.6283793, 1606272637.810862, 1606272637.9765487, 1606272638.1415997, 1606272647.1734335, 1606272647.3944407, 1606272647.5714421, 1606272647.7496035, 1606272647.9204338, 1606272648.105714, 1606272648.2906318, 1606272648.475425, 1606272648.6540434, 1606272648.8227112, 1606272658.2993186, 1606272658.4780924, 1606272658.6539176, 1606272658.8228002, 1606272659.0125642, 1606272659.2036521, 1606272659.3939388, 1606272659.5865579, 1606272659.7748742, 1606272659.9487062, 1606272669.2771091, 1606272669.4512427, 1606272669.6204767, 1606272669.7975833, 1606272669.9734325, 1606272670.1516454, 1606272670.330981, 1606272670.5033963, 1606272670.7214067, 1606272670.8915699, 1606272680.2037082, 1606272680.3840587, 1606272680.5611482, 1606272680.7979536, 1606272680.9828212, 1606272681.1676555, 1606272681.3574212, 1606272681.5383399, 1606272681.7104645, 1606272681.8818495, 1606272691.466124, 1606272691.6487854, 1606272691.827992, 1606272692.0132706, 1606272692.2062435, 1606272692.407465, 1606272692.5840771, 1606272692.7740436, 1606272692.950516, 1606272693.1245785, 1606272702.692352, 1606272702.8750346, 1606272703.0580196, 1606272703.2459424, 1606272703.429312, 1606272703.61189, 1606272703.8014426, 1606272703.982332, 1606272704.157542, 1606272704.3402247, 1606272713.899078, 1606272714.07527, 1606272714.242416, 1606272714.4176571, 1606272714.5942123, 1606272714.7726119, 1606272714.954027, 1606272715.1271114, 1606272715.296364, 1606272715.4678066, 1606272724.988898, 1606272725.1665976, 1606272725.3402503, 1606272725.5187376, 1606272725.694945, 1606272725.8737218, 1606272726.091574, 1606272726.2635195, 1606272726.4306676, 1606272726.5974927, 1606272736.7320373, 1606272736.922394, 1606272737.1569269, 1606272737.353099, 1606272737.5488539, 1606272737.734796, 1606272737.9262931, 1606272738.1070092, 1606272738.2889447, 1606272738.4677413, 1606272748.8659022, 1606272749.1184132, 1606272749.302724, 1606272749.4982939, 1606272749.680743, 1606272749.8739827, 1606272750.0675564, 1606272750.2505052, 1606272750.4354715, 1606272750.6113803, 1606272760.9853156, 1606272761.165211, 