{"initial_reset_timestamp": 1606185826.4427655, "timestamps": [1606185829.3057258, 1606185829.4029415, 1606185829.7503026, 1606185830.0469716, 1606185830.3481867, 1606185830.6408134, 1606185830.951562, 1606185833.0838397, 1606185833.375221, 1606185833.6670978, 1606185833.9776764, 1606185834.279132, 1606185834.5876198, 1606185834.8723578, 1606185837.918098, 1606185839.0319386, 1606185839.9655988, 1606185841.4824955, 1606185843.0265605, 1606185844.3237865, 1606185845.7350888, 1606185849.3144276, 1606185850.6419175, 1606185852.1021192, 1606185853.6176035, 1606185854.9031076, 1606185856.1318932, 1606185859.555691, 1606185861.1846886, 1606185862.7423792, 1606185864.4027045, 1606185866.0646582, 1606185867.5662513, 1606185868.9855494, 1606185872.529432, 1606185873.9933112, 1606185875.6035812, 1606185877.2375743, 1606185878.7889874, 1606185880.209507, 1606185881.7005146, 1606185885.812058, 1606185887.3067927, 1606185888.937285, 1606185890.5305805, 1606185891.9732409, 1606185893.4423897, 1606185897.0204184, 1606185898.5184379, 1606185900.0584621, 1606185901.6691594, 1606185903.156206, 1606185904.5380538, 1606185906.005897, 1606185909.6774702, 1606185911.16449, 1606185912.802708, 1606185914.400497, 1606185915.8025217, 1606185917.055569, 1606185918.5376773, 1606185923.2345555, 1606185924.7740595, 1606185926.418943, 1606185927.951363, 1606185929.2468307, 1606185930.6451344, 1606185935.4424067, 1606185936.8873138, 1606185938.4991612, 1606185940.0895135, 1606185941.4033685, 1606185942.8297515, 1606185944.4352589, 1606185948.9859045, 1606185950.4513078, 1606185951.9411104, 1606185953.2611232, 1606185954.6975112, 1606185956.2796605, 1606185957.9110136, 1606185961.9212983, 1606185963.45765, 1606185964.899537, 1606185966.2972095, 1606185967.7999527, 1606185969.4507143, 1606185974.3121634, 1606185975.723988, 1606185977.1760838, 1606185978.634529, 1606185980.1126206, 1606185981.7217286, 1606185983.3771684, 1606185988.077927, 1606185989.4217522, 1606185990.879018, 1606185992.298954, 1606185993.7602444, 1606185995.3764508, 1606185996.9999938, 1606186001.7363536, 1606186003.221204, 1606186004.653929, 1606186006.1056678, 1606186007.691531, 1606186009.3179762, 1606186013.8490584, 1606186015.297013, 1606186016.843594, 1606186018.252494, 1606186019.6811278, 1606186021.2334003, 1606186022.2742476, 1606186026.8399732, 1606186028.4065485, 1606186030.0620396, 1606186031.4936912, 1606186032.9453804, 1606186034.4055812, 1606186035.9076595, 1606186039.8022199, 1606186041.3973498, 1606186043.010895, 1606186044.538631, 1606186045.953106, 1606186047.1996453, 1606186048.7357128, 1606186053.2740626, 1606186054.8981223, 1606186056.5420976, 1606186058.0350642, 1606186059.2689888, 1606186060.7116401, 1606186065.2883863, 1606186066.9291372, 1606186068.5542607, 1606186070.0625334, 1606186071.5434313, 1606186072.9724667, 1606186074.3089795, 1606186078.9328666, 1606186080.571371, 1606186082.066429, 1606186083.6085978, 1606186085.114173, 1606186086.472571, 1606186087.7219467, 1606186092.6417637, 1606186094.1264577, 1606186095.7258093, 1606186097.350938, 1606186098.7682862, 1606186100.0461156, 1606186103.562148, 1606186105.0865042, 1606186106.6472747, 1606186108.2901852, 1606186109.9484935, 1606186111.5096636, 1606186112.727979, 1606186116.9147685, 1606186118.415444, 1606186120.0437732, 1606186121.6657314, 1606186123.2827477, 1606186124.734284, 1606186126.1040087, 1606186130.797982, 1606186132.4163744, 1606186134.0375876, 1606186135.5773823, 1606186137.0160897, 1606186138.598947, 1606186143.058929, 1606186144.6476731, 1606186146.2420068, 1606186147.7535954, 1606186149.2875829, 1606186150.9239652, 1606186152.4628334, 1606186157.234039, 1606186158.7877934, 1606186160.2586174, 1606186161.857995, 1606186163.4909391, 1606186164.9859476, 1606186166.4546163, 1606186171.4279652, 1606186172.981539, 1606186174.5916126, 1606186176.2040546, 1606186177.663257, 1606186179.1719952, 1606186183.6947973, 1606186185.2735412, 1606186186.9201596, 1606186188.5284116, 1606186189.9979558, 1606186191.4547327, 1606186193.0817277, 1606186197.7947688, 1606186199.432749, 1606186201.0373511, 1606186202.522108, 1606186204.1346385, 1606186205.7627785, 1606186207.3254807, 1606186212.1196074, 1606186213.5865142, 1606186215.0629435, 1606186216.681331, 1606186218.3125486, 1606186219.7898138, 1606186223.216653, 1606186224.6860237, 1606186226.0803287, 1606186227.618325, 1606186229.248598, 1606186230.8612547, 1606186232.3398125, 1606186236.1754212, 1606186237.589592, 1606186238.8298154, 1606186240.3673165, 1606186242.007448, 1606186243.5327716, 1606186245.0405993, 1606186248.7932863, 1606186250.2208142, 1606186251.4323814, 1606186252.736331, 1606186254.3067303, 1606186255.7370687, 1606186259.4999504, 1606186261.1325142, 1606186262.7075984, 1606186264.0231543, 1606186265.3526797, 1606186266.7289536, 1606186268.204229, 1606186271.7039368, 1606186273.3678794, 1606186274.9194007, 1606186276.3596811, 1606186277.6638832, 1606186279.0180902, 1606186280.2463734, 1606186283.7016401, 1606186285.306355, 1606186286.9012487, 1606186288.3712142, 1606186289.8443592, 1606186291.3249938, 1606186294.3445442, 1606186295.9566138, 1606186297.5949233, 1606186299.15391, 1606186300.6105363, 1606186302.1625237, 1606186303.7809322, 1606186306.915638, 1606186308.3746588, 1606186310.0069618, 1606186311.5593626, 1606186313.0206523, 1606186314.5763042, 1606186316.175451, 1606186319.4238353, 1606186320.8711555, 1606186322.385503, 1606186323.646614, 1606186325.0719035, 1606186326.595012, 1606186328.197543, 1606186331.6611304, 1606186333.1075182, 1606186334.5089428, 1606186335.8487086, 1606186337.0358686, 1606186338.3482823, 1606186341.3608341, 1606186342.742231, 1606186344.1512265, 1606186345.57323, 1606186346.942194, 1606186348.168963, 1606186349.5193086, 1606186352.5725322, 1606186353.9504557, 1606186355.3690526, 1606186356.7814274, 1606186358.1636071, 1606186359.3640661, 1606186360.7083395, 1606186363.6408544, 1606186364.806838, 1606186365.9388983, 1606186367.103792, 1606186368.2675319, 1606186369.297705, 1606186372.0433784, 1606186373.2438722, 1606186374.3909876, 1606186375.5865734, 1606186376.754751, 1606186377.813386, 1606186378.8454044, 1606186381.5681355, 1606186382.810791, 1606186383.9673972, 1606186385.1357067, 1606186386.3008556, 1606186387.4139643, 1606186388.4259882, 1606186391.2107847, 1606186392.3900332, 1606186393.5682952, 1606186394.736937, 1606186395.9208355, 1606186397.114452, 1606186399.8152974, 1606186400.9988854, 1606186402.2096968, 1606186403.4094427, 1606186404.590249, 1606186405.757154, 1606186406.9398928, 1606186409.628384, 1606186410.8348534, 1606186412.0162601, 1606186413.2228532, 1606186414.420951, 1606186415.610818, 1606186416.8050733],