{"initial_reset_timestamp": 1606272532.566232, "timestamps": [1606272536.045513, 1606272536.2005622, 1606272536.438513, 1606272536.7373762, 1606272537.0178428, 1606272537.2952414, 1606272537.5705209, 1606272537.842058, 1606272538.1107895, 1606272538.3796694, 1606272541.0760205, 1606272541.3448517, 1606272541.6080527, 1606272541.8691728, 1606272542.1366296, 1606272542.4028795, 1606272542.6660538, 1606272542.9281073, 1606272543.1897228, 1606272543.4841516, 1606272546.1233604, 1606272546.3869774, 1606272546.6512, 1606272546.9462152, 1606272547.2084987, 1606272547.4701345, 1606272547.7302585, 1606272547.991824, 1606272548.2540498, 1606272548.5152674, 1606272551.1659138, 1606272551.42589, 1606272551.684447, 1606272551.943767, 1606272552.2024078, 1606272552.4586987, 1606272552.716473, 1606272552.9751978, 1606272553.2315736, 1606272553.489864, 1606272556.1532295, 1606272556.4169302, 1606272556.6776683, 1606272556.9394667, 1606272557.2018929, 1606272557.4647238, 1606272557.7263641, 1606272557.990409, 1606272558.252914, 1606272558.5147235, 1606272561.1832225, 1606272561.4425724, 1606272561.701774, 1606272561.9600499, 1606272562.2169092, 1606272562.507657, 1606272562.7656372, 1606272563.0228887, 1606272563.281095, 1606272563.5387025, 1606272566.220096, 1606272566.479969, 1606272566.7392273, 1606272566.9988656, 1606272567.2598417, 1606272567.5213017, 1606272567.7807174, 1606272568.0415335, 1606272568.3030157, 1606272568.5627425, 1606272571.2411206, 1606272571.5016181, 1606272571.762415, 1606272572.0312593, 1606272572.2967708, 1606272572.5581727, 1606272572.8181732, 1606272573.076148, 1606272573.3352911, 1606272573.591986, 1606272576.2803943, 1606272576.5407255, 1606272576.8039687, 1606272577.066067, 1606272577.3280857, 1606272577.5905514, 1606272577.8888094, 1606272578.1497135, 1606272578.4118423, 1606272578.674353, 1606272581.3193314, 1606272581.6172562, 1606272581.8792403, 1606272582.1399064, 1606272582.4011948, 1606272582.662401, 1606272582.9231317, 1606272583.1846118, 1606272583.4430048, 1606272583.7010605, 1606272587.0327406, 1606272587.9486475, 1606272588.8055828, 1606272589.66, 1606272590.5764883, 1606272591.4298463, 1606272592.3457122, 1606272593.1949716, 1606272593.990798, 1606272594.7879777, 1606272597.9957507, 1606272598.8495176, 1606272599.7388713, 1606272600.6232731, 1606272601.4671264, 1606272602.304513, 1606272603.1362753, 1606272603.9597824, 1606272604.7629783, 1606272605.54124, 1606272608.699175, 1606272609.5535116, 1606272610.4559252, 1606272611.291189, 1606272612.0754547, 1606272612.900174, 1606272613.7619534, 1606272614.6316686, 1606272615.39564, 1606272616.1694796, 1606272619.4543984, 1606272620.328102, 1606272621.1786127, 1606272622.0716157, 1606272622.9172993, 1606272623.8285875, 1606272624.6908238, 1606272625.5336208, 1606272626.3153057, 1606272627.0831797, 1606272630.307038, 1606272631.1659126, 1606272632.044825, 1606272632.904314, 1606272633.7565966, 1606272634.617515, 1606272635.4624543, 1606272636.2710977, 1606272637.0611217, 1606272637.8833675, 1606272641.0915616, 1606272641.925985, 1606272642.76492, 1606272643.6461074, 1606272644.483588, 1606272645.393663, 1606272646.2553408, 1606272647.044822, 1606272647.832791, 1606272648.6356254, 1606272651.8982227, 1606272652.7679143, 1606272653.6449802, 1606272654.5329607, 1606272655.4050968, 1606272656.2958853, 1606272657.1844869, 1606272657.9896414, 1606272658.7883525, 1606272659.6150992, 1606272662.9332144, 1606272663.8071709, 1606272664.6493847, 1606272665.5060487, 1606272666.3537858, 1606272667.2031224, 1606272668.0454965, 1606272668.834026, 1606272669.585111, 1606272670.3502023, 1606272673.594758, 1606272674.4266376, 1606272675.3564239, 1606272676.2592556, 1606272677.1599655, 1606272678.05465, 1606272678.8961182, 1606272679.7250316, 1606272680.5189524, 1606272681.3647468, 1606272684.6898253, 1606272685.5899658, 1606272686.5367985, 1606272687.5039055, 1606272688.3701944, 1606272689.186678, 1606272690.056822, 1606272690.8963423, 1606272691.6724198, 1606272692.4838822, 1606272695.8640428, 1606272696.759674, 1606272697.6728284, 1606272698.5972395, 1606272699.5402126, 1606272700.426162, 1606272701.3231614, 1606272702.1810882, 1606272702.9876554, 1606272703.8120756, 1606272707.155293, 1606272708.041888, 1606272708.931922, 1606272709.8223681, 1606272710.6683612, 1606272711.5774202, 1606272712.5054266, 1606272713.3674366, 1606272714.1613274, 1606272714.951851, 1606272718.2675195, 1606272719.141646, 1606272720.0317926, 1606272720.8841076, 1606272721.7503304, 1606272722.6338618, 1606272723.5221853, 1606272724.3903155, 1606272725.2000134, 1606272726.0050104, 1606272729.2667692, 1606272730.238361, 1606272731.2396786, 1606272732.25468, 1606272733.2354956, 1606272734.240072, 1606272735.24904, 1606272736.1988258, 1606272737.1163754, 1606272738.0233448, 1606272741.2976167, 1606272742.2963655, 1606272743.3079169, 1606272744.3097932, 1606272745.3294377, 1606272746.3376367, 1606272747.331073, 1606272748.2985485, 1606272749.218365, 1606272750.1216826, 1606272753.3945885, 1606272754.3698025, 1606272755.378099, 1606272756.3733742, 1606272757.3578808, 1606272758.3057227, 1606272759.2808714, 1606272760.2319593, 1606272761.0714056, 1606272761.9598906, 1606272765.3020155, 1606272766.2282202, 1606272767.20879, 1606272768.1882896, 1606272769.1479456, 1606272770.1034887, 1606272771.0645893, 1606272772.057375, 1606272772.9372942, 1606272773.8333743, 1606272777.202759, 1606272778.1304386, 1606272779.1301303, 1606272780.1265976, 1606272781.1371846, 1606272782.1486812, 1606272783.1346002, 1606272784.1387098, 1606272785.0178132, 1606272785.9541037, 1606272789.250909, 1606272790.1958392, 1606272791.213644, 1606272792.210576, 1606272793.2636738, 1606272794.3575053, 1606272795.3525343, 1606272796.3365357, 1606272797.3121178, 1606272798.3418748, 1606272802.0960336, 1606272803.0422258, 1606272803.9988213, 1606272804.9659078, 1606272805.9256752, 1606272806.89428, 1606272807.854729, 1606272808.7845006, 1606272809.6774037, 1606272810.5405922, 1606272813.8134882, 1606272814.7681844, 1606272815.7747855, 1606272816.749591, 1606272817.7445526, 1606272818.7353585, 1606272819.7202258, 1606272820.6655626, 1606272821.5597646, 1606272822.500476, 1606272825.7995188, 1606272826.7718906, 1606272827.7849333, 1606272828.7978942, 1606272829.8151536, 1606272830.8219705, 1606272831.8210719, 1606272832.753472, 1606272833.7295523, 1606272834.663316, 1606272837.8549724, 1606272838.8374977, 1606272839.8758435, 1606272840.8824112, 1606272841.8852236, 1606272842.928231, 1606272843.9455922, 1606272844.8908875, 1606272845.7835765, 1606272846.6713414, 1606272850.0238092, 1606272851.011294, 1606272852.0064783, 1606272853.0159018, 1606272854.01577, 1606272854.993109, 1606272855.9749599, 1606272856.9029646, 1606272857.7604852, 1606272858.6101677, 1606272861.9067698, 1606272862.7982788, 1606272863.759448, 1606272864.7197385, 1606272865.6923084, 1606272866.6988928, 1606272867.65811, 1606272868.6076903, 1606272869.4646847, 1606272870.3385322, 1606272873.6805518, 1606272874.6246336, 1606272875.624326, 1606272876.6382673, 1606272877.6440387, 1606272878.7022913, 1606272879.7054627, 1606272880.6803858, 1606272881.5454278, 1606272882.391248, 1606272885.5878794, 1606272886.4537566, 1606272887.3252823, 1606272888.1901836, 1606272889.0438194, 1606272889.9049022, 1606272890.7403622, 1606272891.5733056, 1606272892.4378922, 1606272893.2643006, 1606272896.3680406, 1606272897.143987, 1606272898.0079565, 1606272898.8556302, 1606272899.6975489, 1606272900.6195743, 1606272901.5294635, 1606272902.4622083, 1606272903.3372133, 1606272904.2180226, 1606272907.3887432, 1606272908.2382164, 1606272909.1533916, 1606272910.0479543, 1606272911.0311277, 1606272911.9803932, 1606272912.8593075, 1606272913.7392254, 1606272914.6037269, 1606272915.4639454, 1606272918.6366482, 1606272919.459788, 1606272920.2784548, 1606272921.1396327, 1606272921.996971, 1606272922.8406196, 1606272923.767274, 1606272924.603527, 1606272925.4426434, 1606272926.2844954, 1606272929.431743, 1606272930.2428463, 