{"initial_reset_timestamp": 1606272534.1715426, "timestamps": [1606272534.3736129, 1606272534.5548713, 1606272534.7384682, 1606272534.914288, 1606272535.0929942, 1606272535.301145, 1606272535.4790003, 1606272535.6576877, 1606272535.833127, 1606272536.0126126, 1606272539.2805352, 1606272539.472998, 1606272539.6643784, 1606272539.841418, 1606272540.027935, 1606272540.213229, 1606272540.4008772, 1606272540.578977, 1606272540.755578, 1606272540.9307811, 1606272544.3364105, 1606272544.506823, 1606272544.6925752, 1606272544.8773596, 1606272545.0622559, 1606272545.2390475, 1606272545.4247112, 1606272545.610876, 1606272545.7974234, 1606272545.9836497, 1606272549.36528, 1606272549.5513906, 1606272549.7383416, 1606272549.9243274, 1606272550.094213, 1606272550.28084, 1606272550.4671626, 1606272550.68861, 1606272550.860145, 1606272551.029, 1606272554.3349245, 1606272554.5554988, 1606272554.7262223, 1606272554.911164, 1606272555.10146, 1606272555.285936, 1606272555.4729989, 1606272555.6459627, 1606272555.8306558, 1606272556.015972, 1606272559.3994603, 1606272559.58541, 1606272559.7560272, 1606272559.9409487, 1606272560.1300516, 1606272560.315556, 1606272560.5023248, 1606272560.672476, 1606272560.8599107, 1606272561.045858, 1606272564.3867176, 1606272564.5565116, 1606272564.7413456, 1606272564.9276705, 1606272565.114683, 1606272565.2994392, 1606272565.4857235, 1606272565.6724548, 1606272565.895246, 1606272566.082324, 1606272569.4148088, 1606272569.6024597, 1606272569.7872577, 1606272570.009595, 1606272570.1885703, 1606272570.3742552, 1606272570.560676, 1606272570.7470949, 1606272570.918088, 1606272571.1045485, 1606272574.475522, 1606272574.662762, 1606272574.8336952, 1606272575.0200155, 1606272575.210901, 1606272575.3975327, 1606272575.5829616, 1606272575.7693143, 1606272575.9555478, 1606272576.1421084, 1606272579.5298154, 1606272579.7180653, 1606272579.9039516, 1606272580.0907238, 1606272580.2763376, 1606272580.4470108, 1606272580.6319175, 1606272580.817681, 1606272581.0052116, 1606272581.1786132, 1606272584.5466244, 1606272584.731914, 1606272584.919057, 1606272585.0998683, 1606272585.3244221, 1606272585.5099285, 1606272585.6957576, 1606272585.8823683, 1606272586.0613456, 1606272586.247297, 1606272595.6707966, 1606272595.8484545, 1606272596.0274744, 1606272596.1902528, 1606272596.3680198, 1606272596.5479705, 1606272596.725224, 1606272596.8991425, 1606272597.0863283, 1606272597.2620974, 1606272606.3780606, 1606272606.553395, 1606272606.7281833, 1606272606.9005425, 1606272607.0765102, 1606272607.2566068, 1606272607.4342072, 1606272607.597584, 1606272607.773176, 1606272607.9460924, 1606272617.033947, 1606272617.2242053, 1606272617.407936, 1606272617.5747592, 1606272617.759229, 1606272617.9498403, 1606272618.1762297, 1606272618.3446999, 1606272618.5299222, 1606272618.7160106, 1606272627.9523287, 1606272628.1370502, 1606272628.3031175, 1606272628.4841597, 1606272628.6670616, 1606272628.84972, 1606272629.016319, 1606272629.2002409, 1606272629.384739, 1606272629.5681205, 1606272638.7305174, 1606272638.897138, 1606272639.0812063, 1606272639.2639005, 1606272639.448727, 1606272639.6141303, 1606272639.79768, 1606272639.9786267, 1606272640.1625574, 1606272640.3438125, 1606272649.48643, 1606272649.6519873, 1606272649.8331726, 1606272650.0125396, 1606272650.1955113, 1606272650.380106, 1606272650.5614197, 1606272650.784265, 1606272650.97083, 1606272651.1531765, 1606272660.4758987, 1606272660.689141, 1606272660.8749743, 1606272661.0667467, 1606272661.2529511, 1606272661.4301445, 1606272661.61719, 1606272661.8019507, 1606272661.9896882, 1606272662.1764848, 1606272671.243803, 1606272671.4284003, 1606272671.597866, 1606272671.786437, 1606272671.969075, 1606272672.1494257, 1606272672.3323174, 1606272672.5079978, 1606272672.6949887, 1606272672.8792696, 1606272682.2316906, 1606272682.4195735, 1606272682.5938478, 1606272682.7825708, 1606272682.9717546, 1606272683.1615052, 1606272683.3501873, 1606272683.53044, 1606272683.7657223, 1606272683.9561324, 1606272693.360736, 1606272693.565618, 1606272693.79761, 1606272693.9718077, 1606272694.1604366, 1606272694.3491993, 1606272694.5374236, 1606272694.710647, 1606272694.899291, 1606272695.1182327, 1606272704.7180657, 1606272704.9033499, 1606272705.084924, 1606272705.2832043, 1606272705.4696875, 1606272705.6557567, 1606272705.8462584, 1606272706.025346, 1606272706.2172658, 1606272706.4176588, 1606272715.8156052, 1606272716.00327, 1606272716.1833289, 1606272716.371775, 1606272716.573771, 1606272716.770748, 1606272716.949245, 1606272717.1278024, 1606272717.3077478, 1606272717.550004, 1606272726.863932, 1606272727.046376, 1606272727.2273903, 1606272727.450653, 1606272727.6326659, 1606272727.8140934, 1606272727.9941275, 1606272728.1568837, 1606272728.3419068, 1606272728.5152519, 1606272738.9455342, 1606272739.1321642, 1606272739.307651, 1606272739.4839466, 1606272739.6580865, 1606272739.832299, 1606272740.0058076, 1606272740.1717908, 1606272740.346321, 1606272740.5195818, 1606272751.0063057, 1606272751.1947706, 1606272751.3715444, 1606272751.546992, 1606272751.7243638, 1606272751.9009607, 1606272752.0836282, 1606272752.2552915, 1606272752.439756, 1606272752.6205704, 1606272762.847944, 1606272763.0401578, 1606272763.233063, 1606272763.408401, 1606272763.590447, 1606272763.817593, 1606272764.002636, 1606272764.1899931, 1606272764.3779154, 1606272764.5636904, 1606272774.760051, 1606272774.9536653, 1606272775.1492226, 1606272775.3212469, 1606272775.499168, 1606272775.68365, 1606272775.8684776, 1606272776.0528781, 1606272776.2302632, 1606272776.4158068, 1606272786.8337185, 1606272787.026238, 1606272787.2216065, 1606272787.4119987, 1606272787.5851283, 1606272787.7653747, 1606272787.9434, 1606272788.127931, 1606272788.3068998, 1606272788.486519, 1606272799.2325225, 1606272799.4270504, 1606272799.6200948, 1606272799.8073113, 1606272799.9905517, 1606272800.1681292, 1606272800.3491492, 1606272800.6227224, 1606272800.8580177, 1606272801.1384025, 1606272811.418203, 1606272811.6074185, 1606272811.8253086, 1606272812.0002506, 1606272812.175829, 1606272812.3596487, 1606272812.531237, 1606272812.7041178, 1606272812.8756533, 1606272813.0474007, 1606272823.421843, 1606272823.6126397, 1606272823.7855196, 1606272823.9642982, 1606272824.1442378, 1606272824.324705, 1606272824.4972167, 1606272824.6769748, 1606272824.85704, 1606272825.0355747, 1606272835.5302732, 1606272835.708493, 1606272835.8918648, 1606272836.0660932, 1606272836.238106, 1606272836.4092853, 1606272836.573307, 1606272836.749289, 1606272836.925805, 1606272837.1015623, 1606272847.5542846, 1606272847.7448232, 1606272847.9257634, 1606272848.1042488, 1606272848.2848594, 1606272848.465319, 1606272848.6880374, 1606272848.8738074, 1606272849.0577676, 1606272849.2426364, 1606272859.5384405, 1606272859.7298088, 1606272859.9114354, 1606272860.092149, 1606272860.2723968, 1606272860.4519806, 1606272860.6319647, 1606272860.8140903, 1606272860.9974065, 1606272861.1801407, 1606272871.274903, 1606272871.4676485, 1606272871.651453, 1606272871.830444, 1606272872.011353, 1606272872.194206, 1606272872.3792686, 1606272872.5544903, 1606272872.7340832, 1606272872.9137204, 1606272883.2659454, 1606272883.4468918, 1606272883.6279106, 1606272883.800204, 1606272883.9723232, 1606272884.1453657, 1606272884.318153, 1606272884.4896617, 1606272884.6597102, 1606272884.896086, 1606272894.121369, 1606272894.3000944, 1606272894.4792876, 1606272894.7015963, 1606272894.8716044, 1606272895.0410197, 1606272895.2116318, 1606272895.380917, 1606272895.5480978, 1606272895.717588, 1606272905.1338534, 1606272905.3071816, 1606272905.4795628, 1606272905.6521547, 1606272905.8237655, 1606272905.9922237, 1606272906.156426, 1606272906.3202765, 1606272906.486698, 1606272906.672771, 1606272916.3849025, 1606272916.5639105, 1606272916.7386978, 1606272916.9169712, 1606272917.0873265, 1606272917.2591434, 1606272917.4312701, 1606272917.6029737, 1606272917.7704551, 1606272917.941444, 1606272927.1742795, 1606272927.343358, 1606272927.519993, 1606272927.6957676, 